"sound.files","selec","start","end","score","class","event","audio","video","video_folder","org.sound.files","ovlp.sels","class_fixed"
"ch1MPI2020-01-17_09-36-16_0000030.wav",1,37.93146,37.98246,0.688559,"call","MPI2020-01-17_09-36-16_0000030.wav",30,36,"T36_G1_2020","ch1MPI2020-01-17_09-36-16_0000030.wav",1,"call"
"ch4MPI2020-01-17_09-36-16_0000030.wav",15,93.88298,93.93398,0.5836991,"call","MPI2020-01-17_09-36-16_0000030.wav",30,36,"T36_G1_2020","ch4MPI2020-01-17_09-36-16_0000030.wav",2,"call"
"ch3MPI2020-01-17_09-36-16_0000030.wav",43,102.8197,102.8707,0.7824305,"call","MPI2020-01-17_09-36-16_0000030.wav",30,36,"T36_G1_2020","ch3MPI2020-01-17_09-36-16_0000030.wav",3,"call"
"ch3MPI2020-01-17_09-36-16_0000030.wav",44,114.849,114.9,0.4677928,"call","MPI2020-01-17_09-36-16_0000030.wav",30,36,"T36_G1_2020","ch3MPI2020-01-17_09-36-16_0000030.wav",4,"call"
"ch3MPI2020-01-17_09-36-16_0000030.wav",45,115.8757,115.9267,0.7424796,"call","MPI2020-01-17_09-36-16_0000030.wav",30,36,"T36_G1_2020","ch3MPI2020-01-17_09-36-16_0000030.wav",5,"call"
"ch3MPI2020-01-17_09-36-16_0000030.wav",46,120.1497,120.2007,0.5695345,"call","MPI2020-01-17_09-36-16_0000030.wav",30,36,"T36_G1_2020","ch3MPI2020-01-17_09-36-16_0000030.wav",6,"call"
"ch1MPI2020-01-17_09-36-16_0000030.wav",7,123.2471,123.2981,0.5368894,"call","MPI2020-01-17_09-36-16_0000030.wav",30,36,"T36_G1_2020","ch1MPI2020-01-17_09-36-16_0000030.wav",7,"call"
"ch4MPI2020-01-17_09-36-16_0000030.wav",21,123.6397,123.6907,0.6555496,"call","MPI2020-01-17_09-36-16_0000030.wav",30,36,"T36_G1_2020","ch4MPI2020-01-17_09-36-16_0000030.wav",8,"call"
"ch4MPI2020-01-17_09-36-16_0000030.wav",22,126.4404,126.4914,0.6929964,"call","MPI2020-01-17_09-36-16_0000030.wav",30,36,"T36_G1_2020","ch4MPI2020-01-17_09-36-16_0000030.wav",9,"call"
"ch1MPI2020-01-17_09-36-16_0000030.wav",10,127.6491,127.7001,0.6935002,"call","MPI2020-01-17_09-36-16_0000030.wav",30,36,"T36_G1_2020","ch1MPI2020-01-17_09-36-16_0000030.wav",10,"call"
"ch1MPI2020-01-17_09-36-16_0000030.wav",11,128.0291,128.0801,0.5584177,"call","MPI2020-01-17_09-36-16_0000030.wav",30,36,"T36_G1_2020","ch1MPI2020-01-17_09-36-16_0000030.wav",11,"call"
"ch1MPI2020-01-17_09-36-16_0000030.wav",12,129.3204,129.3714,0.7102627,"call","MPI2020-01-17_09-36-16_0000030.wav",30,36,"T36_G1_2020","ch1MPI2020-01-17_09-36-16_0000030.wav",12,"call"
"ch1MPI2020-01-17_09-36-16_0000030.wav",13,129.6138,129.6648,0.6964291,"call","MPI2020-01-17_09-36-16_0000030.wav",30,36,"T36_G1_2020","ch1MPI2020-01-17_09-36-16_0000030.wav",13,"call"
"ch2MPI2020-01-17_09-36-16_0000030.wav",27,22.41207,22.46307,0.3966121,"call","MPI2020-01-17_09-36-16_0000030.wav",30,36,"T36_G1_2020","ch2MPI2020-01-17_09-36-16_0000030.wav",NA,"call"
"ch1MPI2020-01-18_10-28-46_0000038.wav",1,14.80473,14.85573,0.6990615,"call","MPI2020-01-18_10-28-46_0000038.wav",38,43,"T43_G3_2020","ch1MPI2020-01-18_10-28-46_0000038.wav",1,"call"
"ch1MPI2020-01-18_10-28-46_0000038.wav",2,15.5774,15.6284,0.6494465,"call","MPI2020-01-18_10-28-46_0000038.wav",38,43,"T43_G3_2020","ch1MPI2020-01-18_10-28-46_0000038.wav",2,"call"
"ch4MPI2020-01-18_10-28-46_0000038.wav",391,16.15674,16.20774,0.6621413,"call","MPI2020-01-18_10-28-46_0000038.wav",38,43,"T43_G3_2020","ch4MPI2020-01-18_10-28-46_0000038.wav",3,"call"
"ch1MPI2020-01-18_10-28-46_0000038.wav",4,17.16408,17.21508,0.8378354,"call","MPI2020-01-18_10-28-46_0000038.wav",38,43,"T43_G3_2020","ch1MPI2020-01-18_10-28-46_0000038.wav",4,"call"
"ch1MPI2020-01-18_10-28-46_0000038.wav",5,18.61942,18.67042,0.7713811,"call","MPI2020-01-18_10-28-46_0000038.wav",38,43,"T43_G3_2020","ch1MPI2020-01-18_10-28-46_0000038.wav",5,"call"
"ch1MPI2020-01-18_10-28-46_0000038.wav",6,20.41409,20.46509,0.8104531,"call","MPI2020-01-18_10-28-46_0000038.wav",38,43,"T43_G3_2020","ch1MPI2020-01-18_10-28-46_0000038.wav",6,"call"
"ch1MPI2020-01-18_10-28-46_0000038.wav",7,20.82609,20.87709,0.5840701,"call","MPI2020-01-18_10-28-46_0000038.wav",38,43,"T43_G3_2020","ch1MPI2020-01-18_10-28-46_0000038.wav",7,"call"
"ch1MPI2020-01-18_10-28-46_0000038.wav",8,23.74477,23.79577,0.8357799,"call","MPI2020-01-18_10-28-46_0000038.wav",38,43,"T43_G3_2020","ch1MPI2020-01-18_10-28-46_0000038.wav",8,"call"
"ch2MPI2020-01-18_10-28-46_0000038.wav",138,24.92211,24.97311,0.8675559,"call","MPI2020-01-18_10-28-46_0000038.wav",38,43,"T43_G3_2020","ch2MPI2020-01-18_10-28-46_0000038.wav",9,"call"
"ch1MPI2020-01-18_10-28-46_0000038.wav",10,25.14344,25.19444,0.7147389,"call","MPI2020-01-18_10-28-46_0000038.wav",38,43,"T43_G3_2020","ch1MPI2020-01-18_10-28-46_0000038.wav",10,"call"
"ch4MPI2020-01-18_10-28-46_0000038.wav",399,25.58545,25.63645,0.740881,"call","MPI2020-01-18_10-28-46_0000038.wav",38,43,"T43_G3_2020","ch4MPI2020-01-18_10-28-46_0000038.wav",11,"call"
"ch2MPI2020-01-18_10-28-46_0000038.wav",141,26.39212,26.44312,0.5284411,"call","MPI2020-01-18_10-28-46_0000038.wav",38,43,"T43_G3_2020","ch2MPI2020-01-18_10-28-46_0000038.wav",12,"call"
"ch4MPI2020-01-18_10-28-46_0000038.wav",400,29.43413,29.48513,0.524625,"call","MPI2020-01-18_10-28-46_0000038.wav",38,43,"T43_G3_2020","ch4MPI2020-01-18_10-28-46_0000038.wav",13,"call"
"ch1MPI2020-01-18_10-28-46_0000038.wav",15,30.46813,30.51913,0.6600947,"call","MPI2020-01-18_10-28-46_0000038.wav",38,43,"T43_G3_2020","ch1MPI2020-01-18_10-28-46_0000038.wav",14,"call"
"ch1MPI2020-01-18_10-28-46_0000038.wav",16,31.89081,31.94181,0.6107987,"call","MPI2020-01-18_10-28-46_0000038.wav",38,43,"T43_G3_2020","ch1MPI2020-01-18_10-28-46_0000038.wav",15,"call"
"ch1MPI2020-01-18_10-28-46_0000038.wav",17,33.32948,33.38048,0.7137381,"call","MPI2020-01-18_10-28-46_0000038.wav",38,43,"T43_G3_2020","ch1MPI2020-01-18_10-28-46_0000038.wav",16,"call"
"ch1MPI2020-01-18_10-28-46_0000038.wav",18,33.78482,33.83582,0.6736444,"call","MPI2020-01-18_10-28-46_0000038.wav",38,43,"T43_G3_2020","ch1MPI2020-01-18_10-28-46_0000038.wav",17,"call"
"ch3MPI2020-01-18_10-28-46_0000038.wav",277,34.30482,34.35582,0.7037834,"call","MPI2020-01-18_10-28-46_0000038.wav",38,43,"T43_G3_2020","ch3MPI2020-01-18_10-28-46_0000038.wav",18,"call"
"ch1MPI2020-01-18_10-28-46_0000038.wav",20,36.92683,36.97783,0.6604302,"call","MPI2020-01-18_10-28-46_0000038.wav",38,43,"T43_G3_2020","ch1MPI2020-01-18_10-28-46_0000038.wav",19,"call"
"ch3MPI2020-01-18_10-28-46_0000038.wav",279,38.85284,38.90384,0.673596,"call","MPI2020-01-18_10-28-46_0000038.wav",38,43,"T43_G3_2020","ch3MPI2020-01-18_10-28-46_0000038.wav",20,"call"
"ch1MPI2020-01-18_10-28-46_0000038.wav",22,39.23951,39.29051,0.7258626,"call","MPI2020-01-18_10-28-46_0000038.wav",38,43,"T43_G3_2020","ch1MPI2020-01-18_10-28-46_0000038.wav",21,"call"
"ch1MPI2020-01-18_10-28-46_0000038.wav",23,40.79951,40.85051,0.7352587,"call","MPI2020-01-18_10-28-46_0000038.wav",38,43,"T43_G3_2020","ch1MPI2020-01-18_10-28-46_0000038.wav",22,"call"
"ch4MPI2020-01-18_10-28-46_0000038.wav",410,41.44952,41.50052,0.6588189,"call","MPI2020-01-18_10-28-46_0000038.wav",38,43,"T43_G3_2020","ch4MPI2020-01-18_10-28-46_0000038.wav",23,"call"
"ch4MPI2020-01-18_10-28-46_0000038.wav",411,41.64485,41.69585,0.7619355,"call","MPI2020-01-18_10-28-46_0000038.wav",38,43,"T43_G3_2020","ch4MPI2020-01-18_10-28-46_0000038.wav",24,"call"
"ch1MPI2020-01-18_10-28-46_0000038.wav",26,41.70418,41.75518,0.8521568,"call","MPI2020-01-18_10-28-46_0000038.wav",38,43,"T43_G3_2020","ch1MPI2020-01-18_10-28-46_0000038.wav",25,"call"
"ch4MPI2020-01-18_10-28-46_0000038.wav",413,43.45886,43.50986,0.8465481,"call","MPI2020-01-18_10-28-46_0000038.wav",38,43,"T43_G3_2020","ch4MPI2020-01-18_10-28-46_0000038.wav",26,"call"
"ch4MPI2020-01-18_10-28-46_0000038.wav",414,45.0802,45.1312,0.6256167,"call","MPI2020-01-18_10-28-46_0000038.wav",38,43,"T43_G3_2020","ch4MPI2020-01-18_10-28-46_0000038.wav",27,"call"
"ch4MPI2020-01-18_10-28-46_0000038.wav",415,45.88087,45.93187,0.6823746,"call","MPI2020-01-18_10-28-46_0000038.wav",38,43,"T43_G3_2020","ch4MPI2020-01-18_10-28-46_0000038.wav",28,"call"
"ch4MPI2020-01-18_10-28-46_0000038.wav",416,46.92154,46.97254,0.5436486,"call","MPI2020-01-18_10-28-46_0000038.wav",38,43,"T43_G3_2020","ch4MPI2020-01-18_10-28-46_0000038.wav",29,"call"
"ch2MPI2020-01-18_10-28-46_0000038.wav",159,47.47221,47.52321,0.7361316,"call","MPI2020-01-18_10-28-46_0000038.wav",38,43,"T43_G3_2020","ch2MPI2020-01-18_10-28-46_0000038.wav",30,"call"
"ch4MPI2020-01-18_10-28-46_0000038.wav",418,48.60421,48.65521,0.7843092,"call","MPI2020-01-18_10-28-46_0000038.wav",38,43,"T43_G3_2020","ch4MPI2020-01-18_10-28-46_0000038.wav",31,"call"
"ch1MPI2020-01-18_10-28-46_0000038.wav",33,50.77556,50.82656,0.7772078,"call","MPI2020-01-18_10-28-46_0000038.wav",38,43,"T43_G3_2020","ch1MPI2020-01-18_10-28-46_0000038.wav",32,"call"
"ch1MPI2020-01-18_10-28-46_0000038.wav",34,51.04956,51.10056,0.8257199,"call","MPI2020-01-18_10-28-46_0000038.wav",38,43,"T43_G3_2020","ch1MPI2020-01-18_10-28-46_0000038.wav",33,"call"
"ch2MPI2020-01-18_10-28-46_0000038.wav",163,51.55156,51.60256,0.7869066,"call","MPI2020-01-18_10-28-46_0000038.wav",38,43,"T43_G3_2020","ch2MPI2020-01-18_10-28-46_0000038.wav",34,"call"
"ch1MPI2020-01-18_10-28-46_0000038.wav",36,52.6569,52.7079,0.7939521,"call","MPI2020-01-18_10-28-46_0000038.wav",38,43,"T43_G3_2020","ch1MPI2020-01-18_10-28-46_0000038.wav",35,"call"
"ch3MPI2020-01-18_10-28-46_0000038.wav",294,53.99957,54.05057,0.7037403,"call","MPI2020-01-18_10-28-46_0000038.wav",38,43,"T43_G3_2020","ch3MPI2020-01-18_10-28-46_0000038.wav",36,"call"
"ch4MPI2020-01-18_10-28-46_0000038.wav",425,55.13691,55.18791,0.6259215,"call","MPI2020-01-18_10-28-46_0000038.wav",38,43,"T43_G3_2020","ch4MPI2020-01-18_10-28-46_0000038.wav",37,"call"
"ch1MPI2020-01-18_10-28-46_0000038.wav",40,56.09291,56.14391,0.7590695,"call","MPI2020-01-18_10-28-46_0000038.wav",38,43,"T43_G3_2020","ch1MPI2020-01-18_10-28-46_0000038.wav",38,"call"
"ch1MPI2020-01-18_10-28-46_0000038.wav",41,56.60358,56.65458,0.7567514,"call","MPI2020-01-18_10-28-46_0000038.wav",38,43,"T43_G3_2020","ch1MPI2020-01-18_10-28-46_0000038.wav",39,"call"
"ch4MPI2020-01-18_10-28-46_0000038.wav",428,57.39359,57.44459,0.6608131,"call","MPI2020-01-18_10-28-46_0000038.wav",38,43,"T43_G3_2020","ch4MPI2020-01-18_10-28-46_0000038.wav",40,"call"
"ch1MPI2020-01-18_10-28-46_0000038.wav",43,59.01493,59.06593,0.6998439,"call","MPI2020-01-18_10-28-46_0000038.wav",38,43,"T43_G3_2020","ch1MPI2020-01-18_10-28-46_0000038.wav",41,"call"
"ch2MPI2020-01-18_10-28-46_0000038.wav",171,59.61826,59.66926,0.8409337,"call","MPI2020-01-18_10-28-46_0000038.wav",38,43,"T43_G3_2020","ch2MPI2020-01-18_10-28-46_0000038.wav",42,"call"
"ch4MPI2020-01-18_10-28-46_0000038.wav",432,60.24693,60.29793,0.6729007,"call","MPI2020-01-18_10-28-46_0000038.wav",38,43,"T43_G3_2020","ch4MPI2020-01-18_10-28-46_0000038.wav",43,"call"
"ch1MPI2020-01-18_10-28-46_0000038.wav",46,61.86361,61.91461,0.7847577,"call","MPI2020-01-18_10-28-46_0000038.wav",38,43,"T43_G3_2020","ch1MPI2020-01-18_10-28-46_0000038.wav",44,"call"
"ch2MPI2020-01-18_10-28-46_0000038.wav",175,62.82294,62.87394,0.6652485,"call","MPI2020-01-18_10-28-46_0000038.wav",38,43,"T43_G3_2020","ch2MPI2020-01-18_10-28-46_0000038.wav",45,"call"
"ch4MPI2020-01-18_10-28-46_0000038.wav",436,62.97761,63.02861,0.7110475,"call","MPI2020-01-18_10-28-46_0000038.wav",38,43,"T43_G3_2020","ch4MPI2020-01-18_10-28-46_0000038.wav",46,"call"
"ch4MPI2020-01-18_10-28-46_0000038.wav",437,63.95628,64.00728,0.6535135,"call","MPI2020-01-18_10-28-46_0000038.wav",38,43,"T43_G3_2020","ch4MPI2020-01-18_10-28-46_0000038.wav",47,"call"
"ch4MPI2020-01-18_10-28-46_0000038.wav",438,64.01295,64.06395,0.5879649,"call","MPI2020-01-18_10-28-46_0000038.wav",38,43,"T43_G3_2020","ch4MPI2020-01-18_10-28-46_0000038.wav",48,"call"
"ch1MPI2020-01-18_10-28-46_0000038.wav",52,65.14295,65.19395,0.7005615,"call","MPI2020-01-18_10-28-46_0000038.wav",38,43,"T43_G3_2020","ch1MPI2020-01-18_10-28-46_0000038.wav",49,"call"
"ch2MPI2020-01-18_10-28-46_0000038.wav",180,65.22629,65.27729,0.6445527,"call","MPI2020-01-18_10-28-46_0000038.wav",38,43,"T43_G3_2020","ch2MPI2020-01-18_10-28-46_0000038.wav",50,"call"
"ch1MPI2020-01-18_10-28-46_0000038.wav",54,66.60029,66.65129,0.7393065,"call","MPI2020-01-18_10-28-46_0000038.wav",38,43,"T43_G3_2020","ch1MPI2020-01-18_10-28-46_0000038.wav",51,"call"
"ch1MPI2020-01-18_10-28-46_0000038.wav",55,69.0163,69.0673,0.7088072,"call","MPI2020-01-18_10-28-46_0000038.wav",38,43,"T43_G3_2020","ch1MPI2020-01-18_10-28-46_0000038.wav",52,"call"
"ch1MPI2020-01-18_10-28-46_0000038.wav",56,69.33297,69.38397,0.7651345,"call","MPI2020-01-18_10-28-46_0000038.wav",38,43,"T43_G3_2020","ch1MPI2020-01-18_10-28-46_0000038.wav",53,"call"
"ch1MPI2020-01-18_10-28-46_0000038.wav",57,70.85765,70.90865,0.8451525,"call","MPI2020-01-18_10-28-46_0000038.wav",38,43,"T43_G3_2020","ch1MPI2020-01-18_10-28-46_0000038.wav",54,"call"
"ch4MPI2020-01-18_10-28-46_0000038.wav",445,71.13365,71.18465,0.6266177,"call","MPI2020-01-18_10-28-46_0000038.wav",38,43,"T43_G3_2020","ch4MPI2020-01-18_10-28-46_0000038.wav",55,"call"
"ch2MPI2020-01-18_10-28-46_0000038.wav",186,72.21698,72.26798,0.727283,"call","MPI2020-01-18_10-28-46_0000038.wav",38,43,"T43_G3_2020","ch2MPI2020-01-18_10-28-46_0000038.wav",56,"call"
"ch3MPI2020-01-18_10-28-46_0000038.wav",317,72.85965,72.91065,0.637899,"call","MPI2020-01-18_10-28-46_0000038.wav",38,43,"T43_G3_2020","ch3MPI2020-01-18_10-28-46_0000038.wav",57,"call"
"ch2MPI2020-01-18_10-28-46_0000038.wav",188,73.17166,73.22266,0.7988118,"call","MPI2020-01-18_10-28-46_0000038.wav",38,43,"T43_G3_2020","ch2MPI2020-01-18_10-28-46_0000038.wav",58,"call"
"ch4MPI2020-01-18_10-28-46_0000038.wav",449,74.22166,74.27266,0.6062457,"call","MPI2020-01-18_10-28-46_0000038.wav",38,43,"T43_G3_2020","ch4MPI2020-01-18_10-28-46_0000038.wav",59,"call"
"ch2MPI2020-01-18_10-28-46_0000038.wav",190,74.57966,74.63066,0.6899602,"call","MPI2020-01-18_10-28-46_0000038.wav",38,43,"T43_G3_2020","ch2MPI2020-01-18_10-28-46_0000038.wav",60,"call"
"ch4MPI2020-01-18_10-28-46_0000038.wav",451,74.93366,74.98466,0.774946,"call","MPI2020-01-18_10-28-46_0000038.wav",38,43,"T43_G3_2020","ch4MPI2020-01-18_10-28-46_0000038.wav",61,"call"
"ch4MPI2020-01-18_10-28-46_0000038.wav",452,75.04966,75.10066,0.6400272,"call","MPI2020-01-18_10-28-46_0000038.wav",38,43,"T43_G3_2020","ch4MPI2020-01-18_10-28-46_0000038.wav",62,"call"
"ch1MPI2020-01-18_10-28-46_0000038.wav",66,75.92767,75.97867,0.7764692,"call","MPI2020-01-18_10-28-46_0000038.wav",38,43,"T43_G3_2020","ch1MPI2020-01-18_10-28-46_0000038.wav",63,"call"
"ch3MPI2020-01-18_10-28-46_0000038.wav",324,77.77234,77.82334,0.7498911,"call","MPI2020-01-18_10-28-46_0000038.wav",38,43,"T43_G3_2020","ch3MPI2020-01-18_10-28-46_0000038.wav",64,"call"
"ch4MPI2020-01-18_10-28-46_0000038.wav",455,78.07701,78.12801,0.7789082,"call","MPI2020-01-18_10-28-46_0000038.wav",38,43,"T43_G3_2020","ch4MPI2020-01-18_10-28-46_0000038.wav",65,"call"
"ch1MPI2020-01-18_10-28-46_0000038.wav",69,79.55568,79.60668,0.8827112,"call","MPI2020-01-18_10-28-46_0000038.wav",38,43,"T43_G3_2020","ch1MPI2020-01-18_10-28-46_0000038.wav",66,"call"
"ch1MPI2020-01-18_10-28-46_0000038.wav",70,79.92835,79.97935,0.6407827,"call","MPI2020-01-18_10-28-46_0000038.wav",38,43,"T43_G3_2020","ch1MPI2020-01-18_10-28-46_0000038.wav",67,"call"
"ch4MPI2020-01-18_10-28-46_0000038.wav",458,80.36369,80.41469,0.8230948,"call","MPI2020-01-18_10-28-46_0000038.wav",38,43,"T43_G3_2020","ch4MPI2020-01-18_10-28-46_0000038.wav",68,"call"
"ch4MPI2020-01-18_10-28-46_0000038.wav",459,81.33836,81.38936,0.7409744,"call","MPI2020-01-18_10-28-46_0000038.wav",38,43,"T43_G3_2020","ch4MPI2020-01-18_10-28-46_0000038.wav",69,"call"
"ch4MPI2020-01-18_10-28-46_0000038.wav",460,82.61636,82.66736,0.652544,"call","MPI2020-01-18_10-28-46_0000038.wav",38,43,"T43_G3_2020","ch4MPI2020-01-18_10-28-46_0000038.wav",70,"call"
"ch1MPI2020-01-18_10-28-46_0000038.wav",74,82.8097,82.8607,0.6968903,"call","MPI2020-01-18_10-28-46_0000038.wav",38,43,"T43_G3_2020","ch1MPI2020-01-18_10-28-46_0000038.wav",71,"call"
"ch1MPI2020-01-18_10-28-46_0000038.wav",75,83.59103,83.64203,0.776414,"call","MPI2020-01-18_10-28-46_0000038.wav",38,43,"T43_G3_2020","ch1MPI2020-01-18_10-28-46_0000038.wav",72,"call"
"ch1MPI2020-01-18_10-28-46_0000038.wav",76,84.73037,84.78137,0.8230096,"call","MPI2020-01-18_10-28-46_0000038.wav",38,43,"T43_G3_2020","ch1MPI2020-01-18_10-28-46_0000038.wav",73,"call"
"ch1MPI2020-01-18_10-28-46_0000038.wav",77,84.86504,84.91604,0.7722011,"call","MPI2020-01-18_10-28-46_0000038.wav",38,43,"T43_G3_2020","ch1MPI2020-01-18_10-28-46_0000038.wav",74,"call"
"ch1MPI2020-01-18_10-28-46_0000038.wav",78,84.91504,84.96604,0.779149,"call","MPI2020-01-18_10-28-46_0000038.wav",38,43,"T43_G3_2020","ch1MPI2020-01-18_10-28-46_0000038.wav",75,"call"
"ch1MPI2020-01-18_10-28-46_0000038.wav",79,86.77772,86.82872,0.8953717,"call","MPI2020-01-18_10-28-46_0000038.wav",38,43,"T43_G3_2020","ch1MPI2020-01-18_10-28-46_0000038.wav",76,"call"
"ch2MPI2020-01-18_10-28-46_0000038.wav",207,88.43439,88.48539,0.7282565,"call","MPI2020-01-18_10-28-46_0000038.wav",38,43,"T43_G3_2020","ch2MPI2020-01-18_10-28-46_0000038.wav",77,"call"
"ch4MPI2020-01-18_10-28-46_0000038.wav",468,88.80772,88.85872,0.6933463,"call","MPI2020-01-18_10-28-46_0000038.wav",38,43,"T43_G3_2020","ch4MPI2020-01-18_10-28-46_0000038.wav",78,"call"
"ch1MPI2020-01-18_10-28-46_0000038.wav",82,89.03839,89.08939,0.8282667,"call","MPI2020-01-18_10-28-46_0000038.wav",38,43,"T43_G3_2020","ch1MPI2020-01-18_10-28-46_0000038.wav",79,"call"
"ch4MPI2020-01-18_10-28-46_0000038.wav",470,89.36173,89.41273,0.5619596,"call","MPI2020-01-18_10-28-46_0000038.wav",38,43,"T43_G3_2020","ch4MPI2020-01-18_10-28-46_0000038.wav",80,"call"
"ch4MPI2020-01-18_10-28-46_0000038.wav",471,89.67039,89.72139,0.7683792,"call","MPI2020-01-18_10-28-46_0000038.wav",38,43,"T43_G3_2020","ch4MPI2020-01-18_10-28-46_0000038.wav",81,"call"
"ch3MPI2020-01-18_10-28-46_0000038.wav",342,90.62573,90.67673,0.7827407,"call","MPI2020-01-18_10-28-46_0000038.wav",38,43,"T43_G3_2020","ch3MPI2020-01-18_10-28-46_0000038.wav",82,"call"
"ch4MPI2020-01-18_10-28-46_0000038.wav",473,90.95173,91.00273,0.7591848,"call","MPI2020-01-18_10-28-46_0000038.wav",38,43,"T43_G3_2020","ch4MPI2020-01-18_10-28-46_0000038.wav",83,"call"
"ch1MPI2020-01-18_10-28-46_0000038.wav",87,91.21573,91.26673,0.7774505,"call","MPI2020-01-18_10-28-46_0000038.wav",38,43,"T43_G3_2020","ch1MPI2020-01-18_10-28-46_0000038.wav",84,"call"
"ch1MPI2020-01-18_10-28-46_0000038.wav",88,92.90841,92.95941,0.7880888,"call","MPI2020-01-18_10-28-46_0000038.wav",38,43,"T43_G3_2020","ch1MPI2020-01-18_10-28-46_0000038.wav",85,"call"
"ch4MPI2020-01-18_10-28-46_0000038.wav",476,92.96308,93.01408,0.7602968,"call","MPI2020-01-18_10-28-46_0000038.wav",38,43,"T43_G3_2020","ch4MPI2020-01-18_10-28-46_0000038.wav",86,"call"
"ch3MPI2020-01-18_10-28-46_0000038.wav",348,94.03308,94.08408,0.7544768,"call","MPI2020-01-18_10-28-46_0000038.wav",38,43,"T43_G3_2020","ch3MPI2020-01-18_10-28-46_0000038.wav",87,"call"
"ch1MPI2020-01-18_10-28-46_0000038.wav",91,95.56842,95.61942,0.7050296,"call","MPI2020-01-18_10-28-46_0000038.wav",38,43,"T43_G3_2020","ch1MPI2020-01-18_10-28-46_0000038.wav",88,"call"
"ch4MPI2020-01-18_10-28-46_0000038.wav",479,95.62442,95.67542,0.8170544,"call","MPI2020-01-18_10-28-46_0000038.wav",38,43,"T43_G3_2020","ch4MPI2020-01-18_10-28-46_0000038.wav",89,"call"
"ch1MPI2020-01-18_10-28-46_0000038.wav",93,99.53377,99.58477,0.7330565,"call","MPI2020-01-18_10-28-46_0000038.wav",38,43,"T43_G3_2020","ch1MPI2020-01-18_10-28-46_0000038.wav",90,"call"
"ch3MPI2020-01-18_10-28-46_0000038.wav",352,103.3505,103.4015,0.7415572,"call","MPI2020-01-18_10-28-46_0000038.wav",38,43,"T43_G3_2020","ch3MPI2020-01-18_10-28-46_0000038.wav",91,"call"
"ch3MPI2020-01-18_10-28-46_0000038.wav",353,103.8858,103.9368,0.577629,"call","MPI2020-01-18_10-28-46_0000038.wav",38,43,"T43_G3_2020","ch3MPI2020-01-18_10-28-46_0000038.wav",92,"call"
"ch1MPI2020-01-18_10-28-46_0000038.wav",96,104.2405,104.2915,0.7544676,"call","MPI2020-01-18_10-28-46_0000038.wav",38,43,"T43_G3_2020","ch1MPI2020-01-18_10-28-46_0000038.wav",93,"call"
"ch4MPI2020-01-18_10-28-46_0000038.wav",485,104.7398,104.7908,0.5206886,"call","MPI2020-01-18_10-28-46_0000038.wav",38,43,"T43_G3_2020","ch4MPI2020-01-18_10-28-46_0000038.wav",94,"call"
"ch4MPI2020-01-18_10-28-46_0000038.wav",486,105.3738,105.4248,0.6821682,"call","MPI2020-01-18_10-28-46_0000038.wav",38,43,"T43_G3_2020","ch4MPI2020-01-18_10-28-46_0000038.wav",95,"call"
"ch3MPI2020-01-18_10-28-46_0000038.wav",358,105.5505,105.6015,0.6496049,"call","MPI2020-01-18_10-28-46_0000038.wav",38,43,"T43_G3_2020","ch3MPI2020-01-18_10-28-46_0000038.wav",96,"call"
"ch1MPI2020-01-18_10-28-46_0000038.wav",101,106.0305,106.0815,0.7365,"call","MPI2020-01-18_10-28-46_0000038.wav",38,43,"T43_G3_2020","ch1MPI2020-01-18_10-28-46_0000038.wav",97,"call"
"ch4MPI2020-01-18_10-28-46_0000038.wav",489,109.1698,109.2208,0.7494419,"call","MPI2020-01-18_10-28-46_0000038.wav",38,43,"T43_G3_2020","ch4MPI2020-01-18_10-28-46_0000038.wav",98,"call"
"ch4MPI2020-01-18_10-28-46_0000038.wav",490,111.0045,111.0555,0.8039742,"call","MPI2020-01-18_10-28-46_0000038.wav",38,43,"T43_G3_2020","ch4MPI2020-01-18_10-28-46_0000038.wav",99,"call"
"ch1MPI2020-01-18_10-28-46_0000038.wav",105,112.3658,112.4168,0.5086898,"call","MPI2020-01-18_10-28-46_0000038.wav",38,43,"T43_G3_2020","ch1MPI2020-01-18_10-28-46_0000038.wav",100,"call"
"ch3MPI2020-01-18_10-28-46_0000038.wav",363,113.0585,113.1095,0.7466434,"call","MPI2020-01-18_10-28-46_0000038.wav",38,43,"T43_G3_2020","ch3MPI2020-01-18_10-28-46_0000038.wav",101,"call"
"ch3MPI2020-01-18_10-28-46_0000038.wav",364,114.8232,114.8742,0.730029,"call","MPI2020-01-18_10-28-46_0000038.wav",38,43,"T43_G3_2020","ch3MPI2020-01-18_10-28-46_0000038.wav",102,"call"
"ch3MPI2020-01-18_10-28-46_0000038.wav",366,115.1652,115.2162,0.6816033,"call","MPI2020-01-18_10-28-46_0000038.wav",38,43,"T43_G3_2020","ch3MPI2020-01-18_10-28-46_0000038.wav",103,"call"
"ch4MPI2020-01-18_10-28-46_0000038.wav",495,115.3725,115.4235,0.6781722,"call","MPI2020-01-18_10-28-46_0000038.wav",38,43,"T43_G3_2020","ch4MPI2020-01-18_10-28-46_0000038.wav",104,"call"
"ch1MPI2020-01-18_10-28-46_0000038.wav",109,116.7225,116.7735,0.8251812,"call","MPI2020-01-18_10-28-46_0000038.wav",38,43,"T43_G3_2020","ch1MPI2020-01-18_10-28-46_0000038.wav",105,"call"
"ch2MPI2020-01-18_10-28-46_0000038.wav",239,117.6699,117.7209,0.8544137,"call","MPI2020-01-18_10-28-46_0000038.wav",38,43,"T43_G3_2020","ch2MPI2020-01-18_10-28-46_0000038.wav",106,"call"
"ch1MPI2020-01-18_10-28-46_0000038.wav",111,118.3919,118.4429,0.748946,"call","MPI2020-01-18_10-28-46_0000038.wav",38,43,"T43_G3_2020","ch1MPI2020-01-18_10-28-46_0000038.wav",107,"call"
"ch4MPI2020-01-18_10-28-46_0000038.wav",499,118.9205,118.9715,0.8239544,"call","MPI2020-01-18_10-28-46_0000038.wav",38,43,"T43_G3_2020","ch4MPI2020-01-18_10-28-46_0000038.wav",108,"call"
"ch1MPI2020-01-18_10-28-46_0000038.wav",113,119.3919,119.4429,0.7485022,"call","MPI2020-01-18_10-28-46_0000038.wav",38,43,"T43_G3_2020","ch1MPI2020-01-18_10-28-46_0000038.wav",109,"call"
"ch1MPI2020-01-18_10-28-46_0000038.wav",114,119.5345,119.5855,0.6223268,"call","MPI2020-01-18_10-28-46_0000038.wav",38,43,"T43_G3_2020","ch1MPI2020-01-18_10-28-46_0000038.wav",110,"call"
"ch1MPI2020-01-18_10-28-46_0000038.wav",115,120.2112,120.2622,0.7958375,"call","MPI2020-01-18_10-28-46_0000038.wav",38,43,"T43_G3_2020","ch1MPI2020-01-18_10-28-46_0000038.wav",111,"call"
"ch1MPI2020-01-18_10-28-46_0000038.wav",116,121.4599,121.5109,0.8045312,"call","MPI2020-01-18_10-28-46_0000038.wav",38,43,"T43_G3_2020","ch1MPI2020-01-18_10-28-46_0000038.wav",112,"call"
"ch1MPI2020-01-18_10-28-46_0000038.wav",117,121.8872,121.9382,0.8396024,"call","MPI2020-01-18_10-28-46_0000038.wav",38,43,"T43_G3_2020","ch1MPI2020-01-18_10-28-46_0000038.wav",113,"call"
"ch4MPI2020-01-18_10-28-46_0000038.wav",505,121.9972,122.0482,0.8159111,"call","MPI2020-01-18_10-28-46_0000038.wav",38,43,"T43_G3_2020","ch4MPI2020-01-18_10-28-46_0000038.wav",114,"call"
"ch1MPI2020-01-18_10-28-46_0000038.wav",119,122.1672,122.2182,0.8278892,"call","MPI2020-01-18_10-28-46_0000038.wav",38,43,"T43_G3_2020","ch1MPI2020-01-18_10-28-46_0000038.wav",115,"call"
"ch1MPI2020-01-18_10-28-46_0000038.wav",120,123.2392,123.2902,0.7538196,"call","MPI2020-01-18_10-28-46_0000038.wav",38,43,"T43_G3_2020","ch1MPI2020-01-18_10-28-46_0000038.wav",116,"call"
"ch1MPI2020-01-18_10-28-46_0000038.wav",121,125.0126,125.0636,0.8882761,"call","MPI2020-01-18_10-28-46_0000038.wav",38,43,"T43_G3_2020","ch1MPI2020-01-18_10-28-46_0000038.wav",117,"call"
"ch4MPI2020-01-18_10-28-46_0000038.wav",510,125.2679,125.3189,0.6195061,"call","MPI2020-01-18_10-28-46_0000038.wav",38,43,"T43_G3_2020","ch4MPI2020-01-18_10-28-46_0000038.wav",118,"call"
"ch1MPI2020-01-18_10-28-46_0000038.wav",123,125.5119,125.5629,0.809164,"call","MPI2020-01-18_10-28-46_0000038.wav",38,43,"T43_G3_2020","ch1MPI2020-01-18_10-28-46_0000038.wav",119,"call"
"ch1MPI2020-01-18_10-28-46_0000038.wav",124,128.0339,128.0849,0.7599285,"call","MPI2020-01-18_10-28-46_0000038.wav",38,43,"T43_G3_2020","ch1MPI2020-01-18_10-28-46_0000038.wav",120,"call"
"ch1MPI2020-01-18_10-28-46_0000038.wav",125,128.2866,128.3376,0.7210485,"call","MPI2020-01-18_10-28-46_0000038.wav",38,43,"T43_G3_2020","ch1MPI2020-01-18_10-28-46_0000038.wav",121,"call"
"ch2MPI2020-01-18_10-28-46_0000038.wav",255,129.0392,129.0902,0.7387608,"call","MPI2020-01-18_10-28-46_0000038.wav",38,43,"T43_G3_2020","ch2MPI2020-01-18_10-28-46_0000038.wav",122,"call"
"ch1MPI2020-01-18_10-28-46_0000038.wav",127,129.0866,129.1376,0.7174906,"call","MPI2020-01-18_10-28-46_0000038.wav",38,43,"T43_G3_2020","ch1MPI2020-01-18_10-28-46_0000038.wav",123,"call"
"ch2MPI2020-01-18_10-28-46_0000038.wav",257,130.3206,130.3716,0.6594534,"call","MPI2020-01-18_10-28-46_0000038.wav",38,43,"T43_G3_2020","ch2MPI2020-01-18_10-28-46_0000038.wav",124,"call"
"ch1MPI2020-01-18_10-28-46_0000038.wav",129,130.4626,130.5136,0.5404216,"call","MPI2020-01-18_10-28-46_0000038.wav",38,43,"T43_G3_2020","ch1MPI2020-01-18_10-28-46_0000038.wav",125,"call"
"ch4MPI2020-01-18_10-28-46_0000038.wav",508,124.8865,124.9375,0.3084479,"call","MPI2020-01-18_10-28-46_0000038.wav",38,43,"T43_G3_2020","ch4MPI2020-01-18_10-28-46_0000038.wav",NA,"call"
"ch1MPI2020-01-18_14-27-34_0000045.wav",1,46.85015,46.90115,0.7737685,"call","MPI2020-01-18_14-27-34_0000045.wav",45,40,"T40_GMP20_2021","ch1MPI2020-01-18_14-27-34_0000045.wav",1,"call"
"ch1MPI2020-01-18_14-27-34_0000045.wav",2,54.4375,54.4885,0.7362055,"call","MPI2020-01-18_14-27-34_0000045.wav",45,40,"T40_GMP20_2021","ch1MPI2020-01-18_14-27-34_0000045.wav",2,"call"
"ch2MPI2020-01-18_14-27-34_0000045.wav",12,63.0742,63.1252,0.8081965,"call","MPI2020-01-18_14-27-34_0000045.wav",45,40,"T40_GMP20_2021","ch2MPI2020-01-18_14-27-34_0000045.wav",3,"call"
"ch1MPI2020-01-18_14-27-34_0000045.wav",4,88.05227,88.10327,0.7002078,"call","MPI2020-01-18_14-27-34_0000045.wav",45,40,"T40_GMP20_2021","ch1MPI2020-01-18_14-27-34_0000045.wav",4,"call"
"ch4MPI2020-01-18_14-27-34_0000045.wav",33,103.517,103.568,0.7490612,"call","MPI2020-01-18_14-27-34_0000045.wav",45,40,"T40_GMP20_2021","ch4MPI2020-01-18_14-27-34_0000045.wav",5,"call"
"ch2MPI2020-01-18_14-27-34_0000045.wav",15,109.9123,109.9633,0.7141398,"call","MPI2020-01-18_14-27-34_0000045.wav",45,40,"T40_GMP20_2021","ch2MPI2020-01-18_14-27-34_0000045.wav",6,"call"
"ch3MPI2020-01-18_14-27-34_0000045.wav",24,114.221,114.272,0.6671099,"call","MPI2020-01-18_14-27-34_0000045.wav",45,40,"T40_GMP20_2021","ch3MPI2020-01-18_14-27-34_0000045.wav",7,"call"
"ch1MPI2020-01-18_14-27-34_0000045.wav",8,120.3817,120.4327,0.5845055,"call","MPI2020-01-18_14-27-34_0000045.wav",45,40,"T40_GMP20_2021","ch1MPI2020-01-18_14-27-34_0000045.wav",8,"call"
"ch4MPI2020-01-19_14-51-57_0000056.wav",71,16.92141,16.97241,0.6001074,"call","MPI2020-01-19_14-51-57_0000056.wav",56,63,"T63_G22_2020","ch4MPI2020-01-19_14-51-57_0000056.wav",1,"call"
"ch3MPI2020-01-19_14-51-57_0000056.wav",48,33.24215,33.29315,0.4295858,"call","MPI2020-01-19_14-51-57_0000056.wav",56,63,"T63_G22_2020","ch3MPI2020-01-19_14-51-57_0000056.wav",2,"call"
"ch1MPI2020-01-19_14-51-57_0000056.wav",4,33.63215,33.68315,0.601931,"call","MPI2020-01-19_14-51-57_0000056.wav",56,63,"T63_G22_2020","ch1MPI2020-01-19_14-51-57_0000056.wav",3,"call"
"ch3MPI2020-01-19_14-51-57_0000056.wav",52,35.22949,35.28049,0.37492,"call","MPI2020-01-19_14-51-57_0000056.wav",56,63,"T63_G22_2020","ch3MPI2020-01-19_14-51-57_0000056.wav",4,"call"
"ch3MPI2020-01-19_14-51-57_0000056.wav",53,40.11284,40.16384,0.7292213,"call","MPI2020-01-19_14-51-57_0000056.wav",56,63,"T63_G22_2020","ch3MPI2020-01-19_14-51-57_0000056.wav",5,"call"
"ch1MPI2020-01-19_14-51-57_0000056.wav",7,45.02487,45.07587,0.8268718,"call","MPI2020-01-19_14-51-57_0000056.wav",56,63,"T63_G22_2020","ch1MPI2020-01-19_14-51-57_0000056.wav",6,"call"
"ch1MPI2020-01-19_14-51-57_0000056.wav",8,53.8929,53.9439,0.7893016,"call","MPI2020-01-19_14-51-57_0000056.wav",56,63,"T63_G22_2020","ch1MPI2020-01-19_14-51-57_0000056.wav",7,"call"
"ch2MPI2020-01-19_14-51-57_0000056.wav",31,55.91025,55.96125,0.7982183,"call","MPI2020-01-19_14-51-57_0000056.wav",56,63,"T63_G22_2020","ch2MPI2020-01-19_14-51-57_0000056.wav",8,"call"
"ch1MPI2020-01-19_14-51-57_0000056.wav",10,57.58292,57.63392,0.7675176,"call","MPI2020-01-19_14-51-57_0000056.wav",56,63,"T63_G22_2020","ch1MPI2020-01-19_14-51-57_0000056.wav",9,"call"
"ch2MPI2020-01-19_14-51-57_0000056.wav",32,72.09298,72.14398,0.8672835,"call","MPI2020-01-19_14-51-57_0000056.wav",56,63,"T63_G22_2020","ch2MPI2020-01-19_14-51-57_0000056.wav",10,"call"
"ch2MPI2020-01-19_14-51-57_0000056.wav",33,78.71968,78.77068,0.494174,"call","MPI2020-01-19_14-51-57_0000056.wav",56,63,"T63_G22_2020","ch2MPI2020-01-19_14-51-57_0000056.wav",11,"call"
"ch4MPI2020-01-19_14-51-57_0000056.wav",80,81.32903,81.38003,0.8433676,"call","MPI2020-01-19_14-51-57_0000056.wav",56,63,"T63_G22_2020","ch4MPI2020-01-19_14-51-57_0000056.wav",12,"call"
"ch1MPI2020-01-19_14-51-57_0000056.wav",14,85.34038,85.39138,0.4928362,"call","MPI2020-01-19_14-51-57_0000056.wav",56,63,"T63_G22_2020","ch1MPI2020-01-19_14-51-57_0000056.wav",13,"call"
"ch1MPI2020-01-19_14-51-57_0000056.wav",15,85.40971,85.46071,0.3670223,"call","MPI2020-01-19_14-51-57_0000056.wav",56,63,"T63_G22_2020","ch1MPI2020-01-19_14-51-57_0000056.wav",14,"call"
"ch4MPI2020-01-19_14-51-57_0000056.wav",83,85.46638,85.51738,0.4543321,"call","MPI2020-01-19_14-51-57_0000056.wav",56,63,"T63_G22_2020","ch4MPI2020-01-19_14-51-57_0000056.wav",15,"call"
"ch2MPI2020-01-19_14-51-57_0000056.wav",34,88.57106,88.62206,0.8780395,"call","MPI2020-01-19_14-51-57_0000056.wav",56,63,"T63_G22_2020","ch2MPI2020-01-19_14-51-57_0000056.wav",16,"call"
"ch4MPI2020-01-19_14-51-57_0000056.wav",85,94.97509,95.02609,0.8798072,"call","MPI2020-01-19_14-51-57_0000056.wav",56,63,"T63_G22_2020","ch4MPI2020-01-19_14-51-57_0000056.wav",17,"call"
"ch4MPI2020-01-19_14-51-57_0000056.wav",86,100.4771,100.5281,0.8324744,"call","MPI2020-01-19_14-51-57_0000056.wav",56,63,"T63_G22_2020","ch4MPI2020-01-19_14-51-57_0000056.wav",18,"call"
"ch3MPI2020-01-19_14-51-57_0000056.wav",64,103.4578,103.5088,0.6678538,"call","MPI2020-01-19_14-51-57_0000056.wav",56,63,"T63_G22_2020","ch3MPI2020-01-19_14-51-57_0000056.wav",19,"call"
"ch2MPI2020-01-19_14-51-57_0000056.wav",38,105.0005,105.0515,0.8850101,"call","MPI2020-01-19_14-51-57_0000056.wav",56,63,"T63_G22_2020","ch2MPI2020-01-19_14-51-57_0000056.wav",20,"call"
"ch1MPI2020-01-19_14-51-57_0000056.wav",22,106.7551,106.8061,0.8829464,"call","MPI2020-01-19_14-51-57_0000056.wav",56,63,"T63_G22_2020","ch1MPI2020-01-19_14-51-57_0000056.wav",21,"call"
"ch2MPI2020-01-19_14-51-57_0000056.wav",40,110.6452,110.6962,0.8644567,"call","MPI2020-01-19_14-51-57_0000056.wav",56,63,"T63_G22_2020","ch2MPI2020-01-19_14-51-57_0000056.wav",22,"call"
"ch3MPI2020-01-19_14-51-57_0000056.wav",68,120.7979,120.8489,0.8819144,"call","MPI2020-01-19_14-51-57_0000056.wav",56,63,"T63_G22_2020","ch3MPI2020-01-19_14-51-57_0000056.wav",23,"call"
"ch2MPI2020-01-19_14-51-57_0000056.wav",43,124.6439,124.6949,0.7879174,"call","MPI2020-01-19_14-51-57_0000056.wav",56,63,"T63_G22_2020","ch2MPI2020-01-19_14-51-57_0000056.wav",24,"call"
"ch2MPI2020-01-19_14-51-57_0000056.wav",45,137.8419,137.8929,0.8843913,"call","MPI2020-01-19_14-51-57_0000056.wav",56,63,"T63_G22_2020","ch2MPI2020-01-19_14-51-57_0000056.wav",25,"call"
"ch2MPI2020-01-19_14-51-57_0000056.wav",44,125.6879,125.7389,0.6277134,"call","MPI2020-01-19_14-51-57_0000056.wav",56,63,"T63_G22_2020","ch2MPI2020-01-19_14-51-57_0000056.wav",NA,"call"
"ch3MPI2020-01-19_14-51-57_0000056.wav",46,5.33669,5.38769,0.4343341,"call","MPI2020-01-19_14-51-57_0000056.wav",56,63,"T63_G22_2020","ch3MPI2020-01-19_14-51-57_0000056.wav",NA,"call"
"ch3MPI2020-01-19_14-51-57_0000056.wav",49,33.36481,33.41581,0.3695764,"call","MPI2020-01-19_14-51-57_0000056.wav",56,63,"T63_G22_2020","ch3MPI2020-01-19_14-51-57_0000056.wav",NA,"call"
"ch1MPI2020-01-19_14-51-57_0000056.wav",5,33.96415,34.01515,0.3168297,"call","MPI2020-01-19_14-51-57_0000056.wav",56,63,"T63_G22_2020","ch1MPI2020-01-19_14-51-57_0000056.wav",NA,"call"
"ch1MPI2020-01-20_09-10-06_0000058.wav",1,19.99344,20.04444,0.6568327,"call","MPI2020-01-20_09-10-06_0000058.wav",58,66,"T66_G6_2020","ch1MPI2020-01-20_09-10-06_0000058.wav",1,"call"
"ch1MPI2020-01-20_09-10-06_0000058.wav",2,20.17011,20.22111,0.4219591,"call","MPI2020-01-20_09-10-06_0000058.wav",58,66,"T66_G6_2020","ch1MPI2020-01-20_09-10-06_0000058.wav",2,"call"
"ch3MPI2020-01-20_09-10-06_0000058.wav",54,21.17678,21.22778,0.510918,"call","MPI2020-01-20_09-10-06_0000058.wav",58,66,"T66_G6_2020","ch3MPI2020-01-20_09-10-06_0000058.wav",3,"call"
"ch3MPI2020-01-20_09-10-06_0000058.wav",55,27.06814,27.11914,0.6350305,"call","MPI2020-01-20_09-10-06_0000058.wav",58,66,"T66_G6_2020","ch3MPI2020-01-20_09-10-06_0000058.wav",4,"call"
"ch1MPI2020-01-20_09-10-06_0000058.wav",5,29.13282,29.18382,0.8739216,"call","MPI2020-01-20_09-10-06_0000058.wav",58,66,"T66_G6_2020","ch1MPI2020-01-20_09-10-06_0000058.wav",5,"call"
"ch3MPI2020-01-20_09-10-06_0000058.wav",57,31.73617,31.78717,0.7956326,"call","MPI2020-01-20_09-10-06_0000058.wav",58,66,"T66_G6_2020","ch3MPI2020-01-20_09-10-06_0000058.wav",6,"call"
"ch4MPI2020-01-20_09-10-06_0000058.wav",87,35.95885,36.00985,0.7382479,"call","MPI2020-01-20_09-10-06_0000058.wav",58,66,"T66_G6_2020","ch4MPI2020-01-20_09-10-06_0000058.wav",7,"call"
"ch2MPI2020-01-20_09-10-06_0000058.wav",35,38.4282,38.4792,0.5355265,"call","MPI2020-01-20_09-10-06_0000058.wav",58,66,"T66_G6_2020","ch2MPI2020-01-20_09-10-06_0000058.wav",8,"call"
"ch3MPI2020-01-20_09-10-06_0000058.wav",60,39.23487,39.28587,0.8040234,"call","MPI2020-01-20_09-10-06_0000058.wav",58,66,"T66_G6_2020","ch3MPI2020-01-20_09-10-06_0000058.wav",9,"call"
"ch3MPI2020-01-20_09-10-06_0000058.wav",61,41.41022,41.46122,0.7433741,"call","MPI2020-01-20_09-10-06_0000058.wav",58,66,"T66_G6_2020","ch3MPI2020-01-20_09-10-06_0000058.wav",10,"call"
"ch2MPI2020-01-20_09-10-06_0000058.wav",37,42.60889,42.65989,0.3929818,"call","MPI2020-01-20_09-10-06_0000058.wav",58,66,"T66_G6_2020","ch2MPI2020-01-20_09-10-06_0000058.wav",11,"call"
"ch2MPI2020-01-20_09-10-06_0000058.wav",38,51.44427,51.49527,0.7401225,"call","MPI2020-01-20_09-10-06_0000058.wav",58,66,"T66_G6_2020","ch2MPI2020-01-20_09-10-06_0000058.wav",12,"call"
"ch1MPI2020-01-20_09-10-06_0000058.wav",13,52.75761,52.80861,0.6641525,"call","MPI2020-01-20_09-10-06_0000058.wav",58,66,"T66_G6_2020","ch1MPI2020-01-20_09-10-06_0000058.wav",13,"call"
"ch2MPI2020-01-20_09-10-06_0000058.wav",40,55.53229,55.58329,0.5583043,"call","MPI2020-01-20_09-10-06_0000058.wav",58,66,"T66_G6_2020","ch2MPI2020-01-20_09-10-06_0000058.wav",14,"call"
"ch3MPI2020-01-20_09-10-06_0000058.wav",66,56.37229,56.42329,0.615409,"call","MPI2020-01-20_09-10-06_0000058.wav",58,66,"T66_G6_2020","ch3MPI2020-01-20_09-10-06_0000058.wav",15,"call"
"ch3MPI2020-01-20_09-10-06_0000058.wav",67,58.55964,58.61064,0.7597039,"call","MPI2020-01-20_09-10-06_0000058.wav",58,66,"T66_G6_2020","ch3MPI2020-01-20_09-10-06_0000058.wav",16,"call"
"ch3MPI2020-01-20_09-10-06_0000058.wav",69,63.18766,63.23866,0.7250264,"call","MPI2020-01-20_09-10-06_0000058.wav",58,66,"T66_G6_2020","ch3MPI2020-01-20_09-10-06_0000058.wav",17,"call"
"ch1MPI2020-01-20_09-10-06_0000058.wav",17,67.33635,67.38735,0.8430022,"call","MPI2020-01-20_09-10-06_0000058.wav",58,66,"T66_G6_2020","ch1MPI2020-01-20_09-10-06_0000058.wav",18,"call"
"ch1MPI2020-01-20_09-10-06_0000058.wav",18,71.98304,72.03404,0.5028544,"call","MPI2020-01-20_09-10-06_0000058.wav",58,66,"T66_G6_2020","ch1MPI2020-01-20_09-10-06_0000058.wav",19,"call"
"ch4MPI2020-01-20_09-10-06_0000058.wav",99,72.59505,72.64605,0.8555848,"call","MPI2020-01-20_09-10-06_0000058.wav",58,66,"T66_G6_2020","ch4MPI2020-01-20_09-10-06_0000058.wav",20,"call"
"ch4MPI2020-01-20_09-10-06_0000058.wav",100,76.38707,76.43807,0.8895713,"call","MPI2020-01-20_09-10-06_0000058.wav",58,66,"T66_G6_2020","ch4MPI2020-01-20_09-10-06_0000058.wav",21,"call"
"ch4MPI2020-01-20_09-10-06_0000058.wav",101,84.70378,84.75478,0.8488659,"call","MPI2020-01-20_09-10-06_0000058.wav",58,66,"T66_G6_2020","ch4MPI2020-01-20_09-10-06_0000058.wav",22,"call"
"ch3MPI2020-01-20_09-10-06_0000058.wav",76,87.36312,87.41412,0.6937552,"call","MPI2020-01-20_09-10-06_0000058.wav",58,66,"T66_G6_2020","ch3MPI2020-01-20_09-10-06_0000058.wav",23,"call"
"ch1MPI2020-01-20_09-10-06_0000058.wav",23,87.59979,87.65079,0.8265512,"call","MPI2020-01-20_09-10-06_0000058.wav",58,66,"T66_G6_2020","ch1MPI2020-01-20_09-10-06_0000058.wav",24,"call"
"ch1MPI2020-01-20_09-10-06_0000058.wav",24,97.02717,97.07817,0.8328308,"call","MPI2020-01-20_09-10-06_0000058.wav",58,66,"T66_G6_2020","ch1MPI2020-01-20_09-10-06_0000058.wav",25,"call"
"ch3MPI2020-01-20_09-10-06_0000058.wav",79,102.7299,102.7809,0.7391664,"call","MPI2020-01-20_09-10-06_0000058.wav",58,66,"T66_G6_2020","ch3MPI2020-01-20_09-10-06_0000058.wav",26,"call"
"ch2MPI2020-01-20_09-10-06_0000058.wav",51,118.8086,118.8596,0.8408142,"call","MPI2020-01-20_09-10-06_0000058.wav",58,66,"T66_G6_2020","ch2MPI2020-01-20_09-10-06_0000058.wav",27,"call"
"ch3MPI2020-01-20_09-10-06_0000058.wav",81,125.6033,125.6543,0.6324308,"call","MPI2020-01-20_09-10-06_0000058.wav",58,66,"T66_G6_2020","ch3MPI2020-01-20_09-10-06_0000058.wav",28,"call"
"ch3MPI2020-01-20_09-10-06_0000058.wav",68,62.26766,62.31866,0.538136,"call","MPI2020-01-20_09-10-06_0000058.wav",58,66,"T66_G6_2020","ch3MPI2020-01-20_09-10-06_0000058.wav",NA,"call"
"ch3MPI2020-01-20_09-10-06_0000058.wav",62,50.7316,50.7826,0.4864728,"call","MPI2020-01-20_09-10-06_0000058.wav",58,66,"T66_G6_2020","ch3MPI2020-01-20_09-10-06_0000058.wav",NA,"call"
"ch4MPI2020-01-20_09-10-06_0000058.wav",91,42.92622,42.97722,0.4729442,"call","MPI2020-01-20_09-10-06_0000058.wav",58,66,"T66_G6_2020","ch4MPI2020-01-20_09-10-06_0000058.wav",NA,"call"
"ch3MPI2020-01-20_09-10-06_0000058.wav",73,75.04306,75.09406,0.4032351,"call","MPI2020-01-20_09-10-06_0000058.wav",58,66,"T66_G6_2020","ch3MPI2020-01-20_09-10-06_0000058.wav",NA,"call"
"ch1MPI2020-01-20_11-35-36_0000073.wav",1,11.25141,11.30241,0.7451621,"call","MPI2020-01-20_11-35-36_0000073.wav",73,81,"T81_G15_2020","ch1MPI2020-01-20_11-35-36_0000073.wav",1,"call"
"ch4MPI2020-01-20_11-35-36_0000073.wav",59,15.10611,15.15711,0.6916367,"call","MPI2020-01-20_11-35-36_0000073.wav",73,81,"T81_G15_2020","ch4MPI2020-01-20_11-35-36_0000073.wav",2,"call"
"ch3MPI2020-01-20_11-35-36_0000073.wav",40,15.46345,15.51445,0.3403992,"call","MPI2020-01-20_11-35-36_0000073.wav",73,81,"T81_G15_2020","ch3MPI2020-01-20_11-35-36_0000073.wav",3,"call"
"ch4MPI2020-01-20_11-35-36_0000073.wav",61,18.6688,18.7198,0.7628771,"call","MPI2020-01-20_11-35-36_0000073.wav",73,81,"T81_G15_2020","ch4MPI2020-01-20_11-35-36_0000073.wav",4,"call"
"ch3MPI2020-01-20_11-35-36_0000073.wav",42,29.96355,30.01455,0.63319,"call","MPI2020-01-20_11-35-36_0000073.wav",73,81,"T81_G15_2020","ch3MPI2020-01-20_11-35-36_0000073.wav",5,"call"
"ch2MPI2020-01-20_11-35-36_0000073.wav",23,34.91959,34.97059,0.8520871,"call","MPI2020-01-20_11-35-36_0000073.wav",73,81,"T81_G15_2020","ch2MPI2020-01-20_11-35-36_0000073.wav",6,"call"
"ch1MPI2020-01-20_11-35-36_0000073.wav",6,37.52361,37.57461,0.6886214,"call","MPI2020-01-20_11-35-36_0000073.wav",73,81,"T81_G15_2020","ch1MPI2020-01-20_11-35-36_0000073.wav",7,"call"
"ch2MPI2020-01-20_11-35-36_0000073.wav",25,40.55896,40.60996,0.7581109,"call","MPI2020-01-20_11-35-36_0000073.wav",73,81,"T81_G15_2020","ch2MPI2020-01-20_11-35-36_0000073.wav",8,"call"
"ch2MPI2020-01-20_11-35-36_0000073.wav",26,49.82169,49.87269,0.5830409,"call","MPI2020-01-20_11-35-36_0000073.wav",73,81,"T81_G15_2020","ch2MPI2020-01-20_11-35-36_0000073.wav",9,"call"
"ch1MPI2020-01-20_11-35-36_0000073.wav",9,53.89239,53.94339,0.6342581,"call","MPI2020-01-20_11-35-36_0000073.wav",73,81,"T81_G15_2020","ch1MPI2020-01-20_11-35-36_0000073.wav",10,"call"
"ch3MPI2020-01-20_11-35-36_0000073.wav",48,56.78708,56.83808,0.6156253,"call","MPI2020-01-20_11-35-36_0000073.wav",73,81,"T81_G15_2020","ch3MPI2020-01-20_11-35-36_0000073.wav",11,"call"
"ch1MPI2020-01-20_11-35-36_0000073.wav",11,61.62445,61.67545,0.6647139,"call","MPI2020-01-20_11-35-36_0000073.wav",73,81,"T81_G15_2020","ch1MPI2020-01-20_11-35-36_0000073.wav",12,"call"
"ch3MPI2020-01-20_11-35-36_0000073.wav",50,64.4518,64.5028,0.6720902,"call","MPI2020-01-20_11-35-36_0000073.wav",73,81,"T81_G15_2020","ch3MPI2020-01-20_11-35-36_0000073.wav",13,"call"
"ch1MPI2020-01-20_11-35-36_0000073.wav",13,74.57387,74.62487,0.5509789,"call","MPI2020-01-20_11-35-36_0000073.wav",73,81,"T81_G15_2020","ch1MPI2020-01-20_11-35-36_0000073.wav",14,"call"
"ch3MPI2020-01-20_11-35-36_0000073.wav",53,81.03992,81.09092,0.5543427,"call","MPI2020-01-20_11-35-36_0000073.wav",73,81,"T81_G15_2020","ch3MPI2020-01-20_11-35-36_0000073.wav",15,"call"
"ch2MPI2020-01-20_11-35-36_0000073.wav",34,93.24734,93.29834,0.5450037,"call","MPI2020-01-20_11-35-36_0000073.wav",73,81,"T81_G15_2020","ch2MPI2020-01-20_11-35-36_0000073.wav",16,"call"
"ch2MPI2020-01-20_11-35-36_0000073.wav",35,105.6608,105.7118,0.6661113,"call","MPI2020-01-20_11-35-36_0000073.wav",73,81,"T81_G15_2020","ch2MPI2020-01-20_11-35-36_0000073.wav",17,"call"
"ch1MPI2020-01-20_11-35-36_0000073.wav",17,112.8682,112.9192,0.6072148,"call","MPI2020-01-20_11-35-36_0000073.wav",73,81,"T81_G15_2020","ch1MPI2020-01-20_11-35-36_0000073.wav",18,"call"
"ch3MPI2020-01-20_11-35-36_0000073.wav",57,127.0096,127.0606,0.676127,"call","MPI2020-01-20_11-35-36_0000073.wav",73,81,"T81_G15_2020","ch3MPI2020-01-20_11-35-36_0000073.wav",19,"call"
"ch2MPI2020-01-20_12-09-41_0000076.wav",14,40.93086,40.98186,0.7736486,"call","MPI2020-01-20_12-09-41_0000076.wav",76,71,"T71_GGP5_2021","ch2MPI2020-01-20_12-09-41_0000076.wav",1,"call"
"ch3MPI2020-01-20_12-09-41_0000076.wav",35,55.95027,56.00127,0.781206,"call","MPI2020-01-20_12-09-41_0000076.wav",76,71,"T71_GGP5_2021","ch3MPI2020-01-20_12-09-41_0000076.wav",2,"call"
"ch1MPI2020-01-20_12-09-41_0000076.wav",3,57.90561,57.95661,0.7176882,"call","MPI2020-01-20_12-09-41_0000076.wav",76,71,"T71_GGP5_2021","ch1MPI2020-01-20_12-09-41_0000076.wav",3,"call"
"ch3MPI2020-01-20_12-09-41_0000076.wav",37,61.88097,61.93197,0.6322491,"call","MPI2020-01-20_12-09-41_0000076.wav",76,71,"T71_GGP5_2021","ch3MPI2020-01-20_12-09-41_0000076.wav",4,"call"
"ch1MPI2020-01-20_12-09-41_0000076.wav",5,65.03165,65.08265,0.6006987,"call","MPI2020-01-20_12-09-41_0000076.wav",76,71,"T71_GGP5_2021","ch1MPI2020-01-20_12-09-41_0000076.wav",5,"call"
"ch2MPI2020-01-20_12-09-41_0000076.wav",18,69.21834,69.26934,0.7865029,"call","MPI2020-01-20_12-09-41_0000076.wav",76,71,"T71_GGP5_2021","ch2MPI2020-01-20_12-09-41_0000076.wav",6,"call"
"ch3MPI2020-01-20_12-09-41_0000076.wav",39,74.19036,74.24136,0.8411606,"call","MPI2020-01-20_12-09-41_0000076.wav",76,71,"T71_GGP5_2021","ch3MPI2020-01-20_12-09-41_0000076.wav",7,"call"
"ch3MPI2020-01-20_12-09-41_0000076.wav",40,84.63308,84.68408,0.6860003,"call","MPI2020-01-20_12-09-41_0000076.wav",76,71,"T71_GGP5_2021","ch3MPI2020-01-20_12-09-41_0000076.wav",8,"call"
"ch2MPI2020-01-20_12-09-41_0000076.wav",21,90.45377,90.50477,0.7588107,"call","MPI2020-01-20_12-09-41_0000076.wav",76,71,"T71_GGP5_2021","ch2MPI2020-01-20_12-09-41_0000076.wav",9,"call"
"ch1MPI2020-01-20_12-09-41_0000076.wav",10,98.27914,98.33014,0.7440186,"call","MPI2020-01-20_12-09-41_0000076.wav",76,71,"T71_GGP5_2021","ch1MPI2020-01-20_12-09-41_0000076.wav",10,"call"
"ch2MPI2020-01-20_12-09-41_0000076.wav",23,102.0012,102.0522,0.6693971,"call","MPI2020-01-20_12-09-41_0000076.wav",76,71,"T71_GGP5_2021","ch2MPI2020-01-20_12-09-41_0000076.wav",11,"call"
"ch1MPI2020-01-20_12-09-41_0000076.wav",12,116.2299,116.2809,0.5739678,"call","MPI2020-01-20_12-09-41_0000076.wav",76,71,"T71_GGP5_2021","ch1MPI2020-01-20_12-09-41_0000076.wav",12,"call"
"ch1MPI2020-01-20_12-09-41_0000076.wav",13,121.1673,121.2183,0.7213987,"call","MPI2020-01-20_12-09-41_0000076.wav",76,71,"T71_GGP5_2021","ch1MPI2020-01-20_12-09-41_0000076.wav",13,"call"
"ch3MPI2020-01-26_11-00-06_0000171.wav",9,95.74134,95.79234,0.7213454,"call","MPI2020-01-26_11-00-06_0000171.wav",171,182,"T182_G21_2020","ch3MPI2020-01-26_11-00-06_0000171.wav",1,"call"
"ch1MPI2020-01-26_11-00-06_0000171.wav",3,105.0961,105.1471,0.6905438,"call","MPI2020-01-26_11-00-06_0000171.wav",171,182,"T182_G21_2020","ch1MPI2020-01-26_11-00-06_0000171.wav",2,"call"
"ch1MPI2020-01-26_11-00-06_0000171.wav",4,110.7134,110.7644,0.8172979,"call","MPI2020-01-26_11-00-06_0000171.wav",171,182,"T182_G21_2020","ch1MPI2020-01-26_11-00-06_0000171.wav",3,"call"
"ch4MPI2020-01-26_11-00-06_0000171.wav",24,112.8555,112.9065,0.4784239,"call","MPI2020-01-26_11-00-06_0000171.wav",171,182,"T182_G21_2020","ch4MPI2020-01-26_11-00-06_0000171.wav",4,"call"
"ch1MPI2020-01-26_11-00-06_0000171.wav",6,123.1582,123.2092,0.640248,"call","MPI2020-01-26_11-00-06_0000171.wav",171,182,"T182_G21_2020","ch1MPI2020-01-26_11-00-06_0000171.wav",5,"call"
"ch1MPI2020-01-26_11-00-06_0000171.wav",8,127.4556,127.5066,0.7603236,"call","MPI2020-01-26_11-00-06_0000171.wav",171,182,"T182_G21_2020","ch1MPI2020-01-26_11-00-06_0000171.wav",6,"call"
"ch1MPI2020-01-26_11-00-06_0000171.wav",1,77.54788,77.59888,0.5964234,"call","MPI2020-01-26_11-00-06_0000171.wav",171,182,"T182_G21_2020","ch1MPI2020-01-26_11-00-06_0000171.wav",NA,"call"
"ch1MPI2020-01-15_14-17-44_0000005.wav",30,93.18646,93.23746,0.489153,"call","MPI2020-01-15_14-17-44_0000005.wav",5,7,"T7_G4_2020","ch1MPI2020-01-15_14-17-44_0000005.wav",1,"call"
"ch4MPI2020-01-15_14-17-44_0000005.wav",47,96.26314,96.31414,0.6543984,"call","MPI2020-01-15_14-17-44_0000005.wav",5,7,"T7_G4_2020","ch4MPI2020-01-15_14-17-44_0000005.wav",2,"call"
"ch2MPI2020-01-15_14-17-44_0000005.wav",3,99.52916,99.58016,0.7470454,"call","MPI2020-01-15_14-17-44_0000005.wav",5,7,"T7_G4_2020","ch2MPI2020-01-15_14-17-44_0000005.wav",3,"call"
"ch3MPI2020-01-15_14-17-44_0000005.wav",19,101.8552,101.9062,0.8735854,"call","MPI2020-01-15_14-17-44_0000005.wav",5,7,"T7_G4_2020","ch3MPI2020-01-15_14-17-44_0000005.wav",4,"call"
"ch1MPI2020-01-15_14-17-44_0000005.wav",34,102.2465,102.2975,0.5098871,"call","MPI2020-01-15_14-17-44_0000005.wav",5,7,"T7_G4_2020","ch1MPI2020-01-15_14-17-44_0000005.wav",5,"call"
"ch3MPI2020-01-15_14-17-44_0000005.wav",21,110.9572,111.0082,0.691547,"call","MPI2020-01-15_14-17-44_0000005.wav",5,7,"T7_G4_2020","ch3MPI2020-01-15_14-17-44_0000005.wav",6,"call"
"ch1MPI2020-01-15_14-17-44_0000005.wav",36,127.4366,127.4876,0.7931755,"call","MPI2020-01-15_14-17-44_0000005.wav",5,7,"T7_G4_2020","ch1MPI2020-01-15_14-17-44_0000005.wav",7,"call"
"ch1MPI2020-01-15_14-17-44_0000005.wav",37,127.8106,127.8616,0.8032702,"call","MPI2020-01-15_14-17-44_0000005.wav",5,7,"T7_G4_2020","ch1MPI2020-01-15_14-17-44_0000005.wav",8,"call"
"ch4MPI2020-01-15_14-17-44_0000005.wav",55,133.6013,133.6523,0.6592972,"call","MPI2020-01-15_14-17-44_0000005.wav",5,7,"T7_G4_2020","ch4MPI2020-01-15_14-17-44_0000005.wav",9,"call"
"ch4MPI2020-01-15_14-17-44_0000005.wav",56,134.584,134.635,0.524865,"call","MPI2020-01-15_14-17-44_0000005.wav",5,7,"T7_G4_2020","ch4MPI2020-01-15_14-17-44_0000005.wav",10,"call"
"ch1MPI2020-01-15_14-17-44_0000005.wav",41,155.7494,155.8004,0.8124526,"call","MPI2020-01-15_14-17-44_0000005.wav",5,7,"T7_G4_2020","ch1MPI2020-01-15_14-17-44_0000005.wav",11,"call"
"ch1MPI2020-01-15_14-17-44_0000005.wav",42,156.1388,156.1898,0.7216838,"call","MPI2020-01-15_14-17-44_0000005.wav",5,7,"T7_G4_2020","ch1MPI2020-01-15_14-17-44_0000005.wav",12,"call"
"ch2MPI2020-01-15_14-17-44_0000005.wav",13,163.4728,163.5238,0.8201472,"call","MPI2020-01-15_14-17-44_0000005.wav",5,7,"T7_G4_2020","ch2MPI2020-01-15_14-17-44_0000005.wav",13,"call"
"ch3MPI2020-01-15_14-17-44_0000005.wav",28,170.1035,170.1545,0.752037,"call","MPI2020-01-15_14-17-44_0000005.wav",5,7,"T7_G4_2020","ch3MPI2020-01-15_14-17-44_0000005.wav",14,"call"
"ch2MPI2020-01-15_14-17-44_0000005.wav",15,171.1462,171.1972,0.6287778,"call","MPI2020-01-15_14-17-44_0000005.wav",5,7,"T7_G4_2020","ch2MPI2020-01-15_14-17-44_0000005.wav",15,"call"
"ch4MPI2020-01-15_14-17-44_0000005.wav",49,101.4885,101.5395,0.3247599,"call","MPI2020-01-15_14-17-44_0000005.wav",5,7,"T7_G4_2020","ch4MPI2020-01-15_14-17-44_0000005.wav",NA,"call"
"ch1MPI2020-01-23_10-30-35_0000106.wav",1,50.41103,50.46203,0.7122985,"call","MPI2020-01-23_10-30-35_0000106.wav",106,104,"T104_GJP255_2021","ch1MPI2020-01-23_10-30-35_0000106.wav",1,"call"
"ch3MPI2020-01-23_10-30-35_0000106.wav",35,61.53777,61.58877,0.80249,"call","MPI2020-01-23_10-30-35_0000106.wav",106,104,"T104_GJP255_2021","ch3MPI2020-01-23_10-30-35_0000106.wav",2,"call"
"ch1MPI2020-01-23_10-30-35_0000106.wav",3,63.42912,63.48012,0.8898157,"call","MPI2020-01-23_10-30-35_0000106.wav",106,104,"T104_GJP255_2021","ch1MPI2020-01-23_10-30-35_0000106.wav",3,"call"
"ch4MPI2020-01-23_10-30-35_0000106.wav",52,69.80183,69.85283,0.6781015,"call","MPI2020-01-23_10-30-35_0000106.wav",106,104,"T104_GJP255_2021","ch4MPI2020-01-23_10-30-35_0000106.wav",4,"call"
"ch4MPI2020-01-23_10-30-35_0000106.wav",53,76.90388,76.95488,0.8048924,"call","MPI2020-01-23_10-30-35_0000106.wav",106,104,"T104_GJP255_2021","ch4MPI2020-01-23_10-30-35_0000106.wav",5,"call"
"ch1MPI2020-01-23_10-30-35_0000106.wav",6,79.9139,79.9649,0.7077809,"call","MPI2020-01-23_10-30-35_0000106.wav",106,104,"T104_GJP255_2021","ch1MPI2020-01-23_10-30-35_0000106.wav",6,"call"
"ch1MPI2020-01-23_10-30-35_0000106.wav",7,84.12993,84.18093,0.6761506,"call","MPI2020-01-23_10-30-35_0000106.wav",106,104,"T104_GJP255_2021","ch1MPI2020-01-23_10-30-35_0000106.wav",7,"call"
"ch4MPI2020-01-23_10-30-35_0000106.wav",56,89.14464,89.19564,0.7799458,"call","MPI2020-01-23_10-30-35_0000106.wav",106,104,"T104_GJP255_2021","ch4MPI2020-01-23_10-30-35_0000106.wav",8,"call"
"ch4MPI2020-01-23_10-30-35_0000106.wav",57,95.23401,95.28501,0.7147133,"call","MPI2020-01-23_10-30-35_0000106.wav",106,104,"T104_GJP255_2021","ch4MPI2020-01-23_10-30-35_0000106.wav",9,"call"
"ch4MPI2020-01-23_10-30-35_0000106.wav",58,102.4434,102.4944,0.7111217,"call","MPI2020-01-23_10-30-35_0000106.wav",106,104,"T104_GJP255_2021","ch4MPI2020-01-23_10-30-35_0000106.wav",10,"call"
"ch2MPI2020-01-23_10-30-35_0000106.wav",28,104.2407,104.2917,0.7227299,"call","MPI2020-01-23_10-30-35_0000106.wav",106,104,"T104_GJP255_2021","ch2MPI2020-01-23_10-30-35_0000106.wav",11,"call"
"ch4MPI2020-01-23_10-30-35_0000106.wav",60,110.5441,110.5951,0.6490084,"call","MPI2020-01-23_10-30-35_0000106.wav",106,104,"T104_GJP255_2021","ch4MPI2020-01-23_10-30-35_0000106.wav",12,"call"
"ch4MPI2020-01-23_10-30-35_0000106.wav",61,117.3182,117.3692,0.7562862,"call","MPI2020-01-23_10-30-35_0000106.wav",106,104,"T104_GJP255_2021","ch4MPI2020-01-23_10-30-35_0000106.wav",13,"call"
"ch4MPI2020-01-23_10-30-35_0000106.wav",62,121.9095,121.9605,0.7592017,"call","MPI2020-01-23_10-30-35_0000106.wav",106,104,"T104_GJP255_2021","ch4MPI2020-01-23_10-30-35_0000106.wav",14,"call"
"ch3MPI2020-01-23_10-30-35_0000106.wav",48,125.5216,125.5726,0.6554847,"call","MPI2020-01-23_10-30-35_0000106.wav",106,104,"T104_GJP255_2021","ch3MPI2020-01-23_10-30-35_0000106.wav",15,"call"
"ch3MPI2020-01-23_10-55-35_0000107.wav",42,21.66474,21.71574,0.4647041,"call","MPI2020-01-23_10-55-35_0000107.wav",107,105,"T105_GF21_2021","ch3MPI2020-01-23_10-55-35_0000107.wav",1,"call"
"ch4MPI2020-01-23_10-55-35_0000107.wav",86,42.02813,42.07913,0.829486,"call","MPI2020-01-23_10-55-35_0000107.wav",107,105,"T105_GF21_2021","ch4MPI2020-01-23_10-55-35_0000107.wav",2,"call"
"ch3MPI2020-01-23_10-55-35_0000107.wav",44,44.23348,44.28448,0.7656703,"call","MPI2020-01-23_10-55-35_0000107.wav",107,105,"T105_GF21_2021","ch3MPI2020-01-23_10-55-35_0000107.wav",3,"call"
"ch3MPI2020-01-23_10-55-35_0000107.wav",45,44.70014,44.75114,0.52337,"call","MPI2020-01-23_10-55-35_0000107.wav",107,105,"T105_GF21_2021","ch3MPI2020-01-23_10-55-35_0000107.wav",4,"call"
"ch3MPI2020-01-23_10-55-35_0000107.wav",46,51.6115,51.6625,0.688073,"call","MPI2020-01-23_10-55-35_0000107.wav",107,105,"T105_GF21_2021","ch3MPI2020-01-23_10-55-35_0000107.wav",5,"call"
"ch1MPI2020-01-23_10-55-35_0000107.wav",6,52.82617,52.87717,0.7266869,"call","MPI2020-01-23_10-55-35_0000107.wav",107,105,"T105_GF21_2021","ch1MPI2020-01-23_10-55-35_0000107.wav",6,"call"
"ch1MPI2020-01-23_10-55-35_0000107.wav",7,56.38418,56.43518,0.7312715,"call","MPI2020-01-23_10-55-35_0000107.wav",107,105,"T105_GF21_2021","ch1MPI2020-01-23_10-55-35_0000107.wav",7,"call"
"ch1MPI2020-01-23_10-55-35_0000107.wav",8,60.9422,60.9932,0.8764401,"call","MPI2020-01-23_10-55-35_0000107.wav",107,105,"T105_GF21_2021","ch1MPI2020-01-23_10-55-35_0000107.wav",8,"call"
"ch4MPI2020-01-23_10-55-35_0000107.wav",93,64.51554,64.56654,0.809574,"call","MPI2020-01-23_10-55-35_0000107.wav",107,105,"T105_GF21_2021","ch4MPI2020-01-23_10-55-35_0000107.wav",9,"call"
"ch3MPI2020-01-23_10-55-35_0000107.wav",51,69.38689,69.43789,0.7171923,"call","MPI2020-01-23_10-55-35_0000107.wav",107,105,"T105_GF21_2021","ch3MPI2020-01-23_10-55-35_0000107.wav",10,"call"
"ch2MPI2020-01-23_10-55-35_0000107.wav",135,70.12156,70.17256,0.8225892,"call","MPI2020-01-23_10-55-35_0000107.wav",107,105,"T105_GF21_2021","ch2MPI2020-01-23_10-55-35_0000107.wav",11,"call"
"ch1MPI2020-01-23_10-55-35_0000107.wav",12,70.78156,70.83256,0.4588852,"call","MPI2020-01-23_10-55-35_0000107.wav",107,105,"T105_GF21_2021","ch1MPI2020-01-23_10-55-35_0000107.wav",12,"call"
"ch1MPI2020-01-23_10-55-35_0000107.wav",13,73.27424,73.32524,0.7413824,"call","MPI2020-01-23_10-55-35_0000107.wav",107,105,"T105_GF21_2021","ch1MPI2020-01-23_10-55-35_0000107.wav",13,"call"
"ch1MPI2020-01-23_10-55-35_0000107.wav",14,73.41357,73.46457,0.8299156,"call","MPI2020-01-23_10-55-35_0000107.wav",107,105,"T105_GF21_2021","ch1MPI2020-01-23_10-55-35_0000107.wav",14,"call"
"ch1MPI2020-01-23_10-55-35_0000107.wav",15,75.12357,75.17457,0.7544629,"call","MPI2020-01-23_10-55-35_0000107.wav",107,105,"T105_GF21_2021","ch1MPI2020-01-23_10-55-35_0000107.wav",15,"call"
"ch1MPI2020-01-23_10-55-35_0000107.wav",16,80.55759,80.60859,0.9036892,"call","MPI2020-01-23_10-55-35_0000107.wav",107,105,"T105_GF21_2021","ch1MPI2020-01-23_10-55-35_0000107.wav",16,"call"
"ch2MPI2020-01-23_10-55-35_0000107.wav",141,81.87226,81.92326,0.5880016,"call","MPI2020-01-23_10-55-35_0000107.wav",107,105,"T105_GF21_2021","ch2MPI2020-01-23_10-55-35_0000107.wav",17,"call"
"ch1MPI2020-01-23_10-55-35_0000107.wav",18,83.97427,84.02527,0.842664,"call","MPI2020-01-23_10-55-35_0000107.wav",107,105,"T105_GF21_2021","ch1MPI2020-01-23_10-55-35_0000107.wav",18,"call"
"ch1MPI2020-01-23_10-55-35_0000107.wav",19,84.3536,84.4046,0.8025183,"call","MPI2020-01-23_10-55-35_0000107.wav",107,105,"T105_GF21_2021","ch1MPI2020-01-23_10-55-35_0000107.wav",19,"call"
"ch4MPI2020-01-23_10-55-35_0000107.wav",103,86.32361,86.37461,0.8116998,"call","MPI2020-01-23_10-55-35_0000107.wav",107,105,"T105_GF21_2021","ch4MPI2020-01-23_10-55-35_0000107.wav",20,"call"
"ch3MPI2020-01-23_10-55-35_0000107.wav",63,87.52295,87.57395,0.7914046,"call","MPI2020-01-23_10-55-35_0000107.wav",107,105,"T105_GF21_2021","ch3MPI2020-01-23_10-55-35_0000107.wav",21,"call"
"ch1MPI2020-01-23_10-55-35_0000107.wav",22,93.20897,93.25997,0.7986656,"call","MPI2020-01-23_10-55-35_0000107.wav",107,105,"T105_GF21_2021","ch1MPI2020-01-23_10-55-35_0000107.wav",22,"call"
"ch1MPI2020-01-23_10-55-35_0000107.wav",23,93.48297,93.53397,0.6916196,"call","MPI2020-01-23_10-55-35_0000107.wav",107,105,"T105_GF21_2021","ch1MPI2020-01-23_10-55-35_0000107.wav",23,"call"
"ch3MPI2020-01-23_10-55-35_0000107.wav",67,96.28231,96.33331,0.7400626,"call","MPI2020-01-23_10-55-35_0000107.wav",107,105,"T105_GF21_2021","ch3MPI2020-01-23_10-55-35_0000107.wav",24,"call"
"ch4MPI2020-01-23_10-55-35_0000107.wav",108,98.24965,98.30065,0.797847,"call","MPI2020-01-23_10-55-35_0000107.wav",107,105,"T105_GF21_2021","ch4MPI2020-01-23_10-55-35_0000107.wav",25,"call"
"ch2MPI2020-01-23_10-55-35_0000107.wav",150,99.86365,99.91465,0.6773984,"call","MPI2020-01-23_10-55-35_0000107.wav",107,105,"T105_GF21_2021","ch2MPI2020-01-23_10-55-35_0000107.wav",26,"call"
"ch2MPI2020-01-23_10-55-35_0000107.wav",151,102.4877,102.5387,0.6764593,"call","MPI2020-01-23_10-55-35_0000107.wav",107,105,"T105_GF21_2021","ch2MPI2020-01-23_10-55-35_0000107.wav",27,"call"
"ch3MPI2020-01-23_10-55-35_0000107.wav",71,107.6503,107.7013,0.8190138,"call","MPI2020-01-23_10-55-35_0000107.wav",107,105,"T105_GF21_2021","ch3MPI2020-01-23_10-55-35_0000107.wav",28,"call"
"ch4MPI2020-01-23_10-55-35_0000107.wav",112,108.255,108.306,0.6437136,"call","MPI2020-01-23_10-55-35_0000107.wav",107,105,"T105_GF21_2021","ch4MPI2020-01-23_10-55-35_0000107.wav",29,"call"
"ch1MPI2020-01-23_10-55-35_0000107.wav",30,111.7724,111.8234,0.840833,"call","MPI2020-01-23_10-55-35_0000107.wav",107,105,"T105_GF21_2021","ch1MPI2020-01-23_10-55-35_0000107.wav",30,"call"
"ch4MPI2020-01-23_10-55-35_0000107.wav",114,115.109,115.16,0.5441034,"call","MPI2020-01-23_10-55-35_0000107.wav",107,105,"T105_GF21_2021","ch4MPI2020-01-23_10-55-35_0000107.wav",31,"call"
"ch2MPI2020-01-23_10-55-35_0000107.wav",157,117.271,117.322,0.7994179,"call","MPI2020-01-23_10-55-35_0000107.wav",107,105,"T105_GF21_2021","ch2MPI2020-01-23_10-55-35_0000107.wav",32,"call"
"ch3MPI2020-01-23_10-55-35_0000107.wav",76,118.2004,118.2514,0.7124837,"call","MPI2020-01-23_10-55-35_0000107.wav",107,105,"T105_GF21_2021","ch3MPI2020-01-23_10-55-35_0000107.wav",33,"call"
"ch4MPI2020-01-23_10-55-35_0000107.wav",117,121.2017,121.2527,0.7830779,"call","MPI2020-01-23_10-55-35_0000107.wav",107,105,"T105_GF21_2021","ch4MPI2020-01-23_10-55-35_0000107.wav",34,"call"
"ch4MPI2020-01-23_10-55-35_0000107.wav",118,122.6337,122.6847,0.7988623,"call","MPI2020-01-23_10-55-35_0000107.wav",107,105,"T105_GF21_2021","ch4MPI2020-01-23_10-55-35_0000107.wav",35,"call"
"ch4MPI2020-01-23_10-55-35_0000107.wav",119,123.2604,123.3114,0.7515394,"call","MPI2020-01-23_10-55-35_0000107.wav",107,105,"T105_GF21_2021","ch4MPI2020-01-23_10-55-35_0000107.wav",36,"call"
"ch1MPI2020-01-23_10-55-35_0000107.wav",37,125.8657,125.9167,0.7317158,"call","MPI2020-01-23_10-55-35_0000107.wav",107,105,"T105_GF21_2021","ch1MPI2020-01-23_10-55-35_0000107.wav",37,"call"
"ch4MPI2020-01-23_10-55-35_0000107.wav",121,127.0684,127.1194,0.8514605,"call","MPI2020-01-23_10-55-35_0000107.wav",107,105,"T105_GF21_2021","ch4MPI2020-01-23_10-55-35_0000107.wav",38,"call"
"ch4MPI2020-01-23_10-55-35_0000107.wav",122,129.2777,129.3287,0.712443,"call","MPI2020-01-23_10-55-35_0000107.wav",107,105,"T105_GF21_2021","ch4MPI2020-01-23_10-55-35_0000107.wav",39,"call"
"ch1MPI2020-01-23_10-55-35_0000107.wav",40,129.5251,129.5761,0.7577895,"call","MPI2020-01-23_10-55-35_0000107.wav",107,105,"T105_GF21_2021","ch1MPI2020-01-23_10-55-35_0000107.wav",40,"call"
"ch1MPI2020-01-23_10-55-35_0000107.wav",41,130.3218,130.3728,0.7857158,"call","MPI2020-01-23_10-55-35_0000107.wav",107,105,"T105_GF21_2021","ch1MPI2020-01-23_10-55-35_0000107.wav",41,"call"
"ch3MPI2020-01-23_11-03-09_0000108.wav",6,26.4648,26.5158,0.7808777,"call","MPI2020-01-23_11-03-09_0000108.wav",108,106,"T106_GM20_2021","ch3MPI2020-01-23_11-03-09_0000108.wav",1,"call"
"ch1MPI2020-01-23_11-03-09_0000108.wav",3,63.72165,63.77265,0.8613539,"call","MPI2020-01-23_11-03-09_0000108.wav",108,106,"T106_GM20_2021","ch1MPI2020-01-23_11-03-09_0000108.wav",NA,"call"
"ch1MPI2020-01-23_11-03-09_0000108.wav",4,72.64902,72.70002,0.857701,"call","MPI2020-01-23_11-03-09_0000108.wav",108,106,"T106_GM20_2021","ch1MPI2020-01-23_11-03-09_0000108.wav",NA,"call"
"ch1MPI2020-01-23_11-03-09_0000108.wav",2,55.73761,55.78861,0.8334417,"call","MPI2020-01-23_11-03-09_0000108.wav",108,106,"T106_GM20_2021","ch1MPI2020-01-23_11-03-09_0000108.wav",NA,"call"
"ch1MPI2020-01-23_11-03-09_0000108.wav",1,50.63825,50.68925,0.8300498,"call","MPI2020-01-23_11-03-09_0000108.wav",108,106,"T106_GM20_2021","ch1MPI2020-01-23_11-03-09_0000108.wav",NA,"call"
"ch3MPI2020-01-23_11-03-09_0000108.wav",7,121.3466,121.3976,0.6270702,"call","MPI2020-01-23_11-03-09_0000108.wav",108,106,"T106_GM20_2021","ch3MPI2020-01-23_11-03-09_0000108.wav",NA,"call"
"ch4MPI2020-01-23_11-32-03_0000110.wav",129,22.65212,22.70312,0.4890987,"call","MPI2020-01-23_11-32-03_0000110.wav",110,111,"T111_G6yOtro_2020","ch4MPI2020-01-23_11-32-03_0000110.wav",1,"call"
"ch1MPI2020-01-23_11-32-03_0000110.wav",2,27.05881,27.10981,0.4977911,"call","MPI2020-01-23_11-32-03_0000110.wav",110,111,"T111_G6yOtro_2020","ch1MPI2020-01-23_11-32-03_0000110.wav",2,"call"
"ch4MPI2020-01-23_11-32-03_0000110.wav",131,30.76417,30.81517,0.7085309,"call","MPI2020-01-23_11-32-03_0000110.wav",110,111,"T111_G6yOtro_2020","ch4MPI2020-01-23_11-32-03_0000110.wav",3,"call"
"ch1MPI2020-01-23_11-32-03_0000110.wav",4,35.21886,35.26986,0.7232882,"call","MPI2020-01-23_11-32-03_0000110.wav",110,111,"T111_G6yOtro_2020","ch1MPI2020-01-23_11-32-03_0000110.wav",4,"call"
"ch3MPI2020-01-23_11-32-03_0000110.wav",87,38.70488,38.75588,0.5105392,"call","MPI2020-01-23_11-32-03_0000110.wav",110,111,"T111_G6yOtro_2020","ch3MPI2020-01-23_11-32-03_0000110.wav",5,"call"
"ch1MPI2020-01-23_11-32-03_0000110.wav",6,43.15023,43.20123,0.5595439,"call","MPI2020-01-23_11-32-03_0000110.wav",110,111,"T111_G6yOtro_2020","ch1MPI2020-01-23_11-32-03_0000110.wav",6,"call"
"ch3MPI2020-01-23_11-32-03_0000110.wav",90,43.86624,43.91724,0.6288306,"call","MPI2020-01-23_11-32-03_0000110.wav",110,111,"T111_G6yOtro_2020","ch3MPI2020-01-23_11-32-03_0000110.wav",7,"call"
"ch1MPI2020-01-23_11-32-03_0000110.wav",8,44.44624,44.49724,0.7133011,"call","MPI2020-01-23_11-32-03_0000110.wav",110,111,"T111_G6yOtro_2020","ch1MPI2020-01-23_11-32-03_0000110.wav",8,"call"
"ch1MPI2020-01-23_11-32-03_0000110.wav",9,46.79292,46.84392,0.7390185,"call","MPI2020-01-23_11-32-03_0000110.wav",110,111,"T111_G6yOtro_2020","ch1MPI2020-01-23_11-32-03_0000110.wav",9,"call"
"ch1MPI2020-01-23_11-32-03_0000110.wav",10,50.11894,50.16994,0.6619237,"call","MPI2020-01-23_11-32-03_0000110.wav",110,111,"T111_G6yOtro_2020","ch1MPI2020-01-23_11-32-03_0000110.wav",10,"call"
"ch4MPI2020-01-23_11-32-03_0000110.wav",140,54.96896,55.01996,0.5752974,"call","MPI2020-01-23_11-32-03_0000110.wav",110,111,"T111_G6yOtro_2020","ch4MPI2020-01-23_11-32-03_0000110.wav",11,"call"
"ch3MPI2020-01-23_11-32-03_0000110.wav",96,61.15033,61.20133,0.690905,"call","MPI2020-01-23_11-32-03_0000110.wav",110,111,"T111_G6yOtro_2020","ch3MPI2020-01-23_11-32-03_0000110.wav",12,"call"
"ch1MPI2020-01-23_11-32-03_0000110.wav",13,63.36768,63.41868,0.8398315,"call","MPI2020-01-23_11-32-03_0000110.wav",110,111,"T111_G6yOtro_2020","ch1MPI2020-01-23_11-32-03_0000110.wav",13,"call"
"ch4MPI2020-01-23_11-32-03_0000110.wav",143,65.09569,65.14669,0.6669727,"call","MPI2020-01-23_11-32-03_0000110.wav",110,111,"T111_G6yOtro_2020","ch4MPI2020-01-23_11-32-03_0000110.wav",14,"call"
"ch4MPI2020-01-23_11-32-03_0000110.wav",144,66.30503,66.35603,0.7602705,"call","MPI2020-01-23_11-32-03_0000110.wav",110,111,"T111_G6yOtro_2020","ch4MPI2020-01-23_11-32-03_0000110.wav",15,"call"
"ch1MPI2020-01-23_11-32-03_0000110.wav",17,71.91306,71.96406,0.6532357,"call","MPI2020-01-23_11-32-03_0000110.wav",110,111,"T111_G6yOtro_2020","ch1MPI2020-01-23_11-32-03_0000110.wav",16,"call"
"ch1MPI2020-01-23_11-32-03_0000110.wav",18,74.20573,74.25673,0.7209966,"call","MPI2020-01-23_11-32-03_0000110.wav",110,111,"T111_G6yOtro_2020","ch1MPI2020-01-23_11-32-03_0000110.wav",17,"call"
"ch4MPI2020-01-23_11-32-03_0000110.wav",147,74.3524,74.4034,0.5266055,"call","MPI2020-01-23_11-32-03_0000110.wav",110,111,"T111_G6yOtro_2020","ch4MPI2020-01-23_11-32-03_0000110.wav",18,"call"
"ch3MPI2020-01-23_11-32-03_0000110.wav",104,79.63043,79.68143,0.6721125,"call","MPI2020-01-23_11-32-03_0000110.wav",110,111,"T111_G6yOtro_2020","ch3MPI2020-01-23_11-32-03_0000110.wav",19,"call"
"ch4MPI2020-01-23_11-32-03_0000110.wav",150,79.8691,79.9201,0.773071,"call","MPI2020-01-23_11-32-03_0000110.wav",110,111,"T111_G6yOtro_2020","ch4MPI2020-01-23_11-32-03_0000110.wav",20,"call"
"ch1MPI2020-01-23_11-32-03_0000110.wav",22,84.32379,84.37479,0.5867048,"call","MPI2020-01-23_11-32-03_0000110.wav",110,111,"T111_G6yOtro_2020","ch1MPI2020-01-23_11-32-03_0000110.wav",21,"call"
"ch3MPI2020-01-23_11-32-03_0000110.wav",107,85.25713,85.30813,0.6443724,"call","MPI2020-01-23_11-32-03_0000110.wav",110,111,"T111_G6yOtro_2020","ch3MPI2020-01-23_11-32-03_0000110.wav",22,"call"
"ch1MPI2020-01-23_11-32-03_0000110.wav",24,87.14847,87.19947,0.7020717,"call","MPI2020-01-23_11-32-03_0000110.wav",110,111,"T111_G6yOtro_2020","ch1MPI2020-01-23_11-32-03_0000110.wav",23,"call"
"ch2MPI2020-01-23_11-32-03_0000110.wav",66,87.68714,87.73814,0.5421813,"call","MPI2020-01-23_11-32-03_0000110.wav",110,111,"T111_G6yOtro_2020","ch2MPI2020-01-23_11-32-03_0000110.wav",24,"call"
"ch3MPI2020-01-23_11-32-03_0000110.wav",110,91.05183,91.10283,0.6857625,"call","MPI2020-01-23_11-32-03_0000110.wav",110,111,"T111_G6yOtro_2020","ch3MPI2020-01-23_11-32-03_0000110.wav",25,"call"
"ch2MPI2020-01-23_11-32-03_0000110.wav",68,95.46252,95.51352,0.6384052,"call","MPI2020-01-23_11-32-03_0000110.wav",110,111,"T111_G6yOtro_2020","ch2MPI2020-01-23_11-32-03_0000110.wav",26,"call"
"ch3MPI2020-01-23_11-32-03_0000110.wav",112,96.56519,96.61619,0.6782261,"call","MPI2020-01-23_11-32-03_0000110.wav",110,111,"T111_G6yOtro_2020","ch3MPI2020-01-23_11-32-03_0000110.wav",27,"call"
"ch4MPI2020-01-23_11-32-03_0000110.wav",158,101.3699,101.4209,0.6914133,"call","MPI2020-01-23_11-32-03_0000110.wav",110,111,"T111_G6yOtro_2020","ch4MPI2020-01-23_11-32-03_0000110.wav",28,"call"
"ch4MPI2020-01-23_11-32-03_0000110.wav",159,101.9932,102.0442,0.6104681,"call","MPI2020-01-23_11-32-03_0000110.wav",110,111,"T111_G6yOtro_2020","ch4MPI2020-01-23_11-32-03_0000110.wav",29,"call"
"ch1MPI2020-01-23_11-32-03_0000110.wav",30,104.8339,104.8849,0.6288907,"call","MPI2020-01-23_11-32-03_0000110.wav",110,111,"T111_G6yOtro_2020","ch1MPI2020-01-23_11-32-03_0000110.wav",30,"call"
"ch4MPI2020-01-23_11-32-03_0000110.wav",160,108.5653,108.6163,0.6828731,"call","MPI2020-01-23_11-32-03_0000110.wav",110,111,"T111_G6yOtro_2020","ch4MPI2020-01-23_11-32-03_0000110.wav",31,"call"
"ch1MPI2020-01-23_11-32-03_0000110.wav",32,108.6939,108.7449,0.7530459,"call","MPI2020-01-23_11-32-03_0000110.wav",110,111,"T111_G6yOtro_2020","ch1MPI2020-01-23_11-32-03_0000110.wav",32,"call"
"ch4MPI2020-01-23_11-32-03_0000110.wav",162,111.1686,111.2196,0.5919892,"call","MPI2020-01-23_11-32-03_0000110.wav",110,111,"T111_G6yOtro_2020","ch4MPI2020-01-23_11-32-03_0000110.wav",33,"call"
"ch3MPI2020-01-23_11-32-03_0000110.wav",117,113.7299,113.7809,0.5670868,"call","MPI2020-01-23_11-32-03_0000110.wav",110,111,"T111_G6yOtro_2020","ch3MPI2020-01-23_11-32-03_0000110.wav",34,"call"
"ch3MPI2020-01-23_11-32-03_0000110.wav",118,115.8433,115.8943,0.6389019,"call","MPI2020-01-23_11-32-03_0000110.wav",110,111,"T111_G6yOtro_2020","ch3MPI2020-01-23_11-32-03_0000110.wav",35,"call"
"ch3MPI2020-01-23_11-32-03_0000110.wav",119,115.918,115.969,0.6144761,"call","MPI2020-01-23_11-32-03_0000110.wav",110,111,"T111_G6yOtro_2020","ch3MPI2020-01-23_11-32-03_0000110.wav",36,"call"
"ch2MPI2020-01-23_11-32-03_0000110.wav",77,116.6006,116.6516,0.7785318,"call","MPI2020-01-23_11-32-03_0000110.wav",110,111,"T111_G6yOtro_2020","ch2MPI2020-01-23_11-32-03_0000110.wav",37,"call"
"ch2MPI2020-01-23_11-32-03_0000110.wav",78,118.062,118.113,0.6815622,"call","MPI2020-01-23_11-32-03_0000110.wav",110,111,"T111_G6yOtro_2020","ch2MPI2020-01-23_11-32-03_0000110.wav",38,"call"
"ch3MPI2020-01-23_11-32-03_0000110.wav",123,121.4113,121.4623,0.6608277,"call","MPI2020-01-23_11-32-03_0000110.wav",110,111,"T111_G6yOtro_2020","ch3MPI2020-01-23_11-32-03_0000110.wav",39,"call"
"ch1MPI2020-01-23_11-32-03_0000110.wav",40,122.126,122.177,0.7297916,"call","MPI2020-01-23_11-32-03_0000110.wav",110,111,"T111_G6yOtro_2020","ch1MPI2020-01-23_11-32-03_0000110.wav",40,"call"
"ch3MPI2020-01-23_11-32-03_0000110.wav",125,122.3113,122.3623,0.7014834,"call","MPI2020-01-23_11-32-03_0000110.wav",110,111,"T111_G6yOtro_2020","ch3MPI2020-01-23_11-32-03_0000110.wav",41,"call"
"ch2MPI2020-01-23_11-32-03_0000110.wav",82,122.8293,122.8803,0.7150457,"call","MPI2020-01-23_11-32-03_0000110.wav",110,111,"T111_G6yOtro_2020","ch2MPI2020-01-23_11-32-03_0000110.wav",42,"call"
"ch4MPI2020-01-23_11-32-03_0000110.wav",171,127.2807,127.3317,0.6388945,"call","MPI2020-01-23_11-32-03_0000110.wav",110,111,"T111_G6yOtro_2020","ch4MPI2020-01-23_11-32-03_0000110.wav",43,"call"
"ch1MPI2020-01-25_10-29-50_0000146.wav",1,19.51813,19.56913,0.668763,"call","MPI2020-01-25_10-29-50_0000146.wav",146,148,"T148_GS9_2021","ch1MPI2020-01-25_10-29-50_0000146.wav",1,"call"
"ch1MPI2020-01-25_10-29-50_0000146.wav",2,22.60948,22.66048,0.7903308,"call","MPI2020-01-25_10-29-50_0000146.wav",146,148,"T148_GS9_2021","ch1MPI2020-01-25_10-29-50_0000146.wav",2,"call"
"ch1MPI2020-01-25_10-29-50_0000146.wav",3,32.56955,32.62055,0.6828416,"call","MPI2020-01-25_10-29-50_0000146.wav",146,148,"T148_GS9_2021","ch1MPI2020-01-25_10-29-50_0000146.wav",3,"call"
"ch2MPI2020-01-25_10-29-50_0000146.wav",37,34.06222,34.11322,0.7572865,"call","MPI2020-01-25_10-29-50_0000146.wav",146,148,"T148_GS9_2021","ch2MPI2020-01-25_10-29-50_0000146.wav",4,"call"
"ch4MPI2020-01-25_10-29-50_0000146.wav",102,42.46761,42.51861,0.8048231,"call","MPI2020-01-25_10-29-50_0000146.wav",146,148,"T148_GS9_2021","ch4MPI2020-01-25_10-29-50_0000146.wav",5,"call"
"ch4MPI2020-01-25_10-29-50_0000146.wav",103,45.29563,45.34663,0.7079661,"call","MPI2020-01-25_10-29-50_0000146.wav",146,148,"T148_GS9_2021","ch4MPI2020-01-25_10-29-50_0000146.wav",6,"call"
"ch1MPI2020-01-25_10-29-50_0000146.wav",7,47.59298,47.64398,0.7042384,"call","MPI2020-01-25_10-29-50_0000146.wav",146,148,"T148_GS9_2021","ch1MPI2020-01-25_10-29-50_0000146.wav",7,"call"
"ch1MPI2020-01-25_10-29-50_0000146.wav",8,52.10301,52.15401,0.5413218,"call","MPI2020-01-25_10-29-50_0000146.wav",146,148,"T148_GS9_2021","ch1MPI2020-01-25_10-29-50_0000146.wav",8,"call"
"ch2MPI2020-01-25_10-29-50_0000146.wav",42,52.85701,52.90801,0.7536604,"call","MPI2020-01-25_10-29-50_0000146.wav",146,148,"T148_GS9_2021","ch2MPI2020-01-25_10-29-50_0000146.wav",9,"call"
"ch1MPI2020-01-25_10-29-50_0000146.wav",11,58.51105,58.56205,0.8147636,"call","MPI2020-01-25_10-29-50_0000146.wav",146,148,"T148_GS9_2021","ch1MPI2020-01-25_10-29-50_0000146.wav",10,"call"
"ch1MPI2020-01-25_10-29-50_0000146.wav",12,61.50307,61.55407,0.5740948,"call","MPI2020-01-25_10-29-50_0000146.wav",146,148,"T148_GS9_2021","ch1MPI2020-01-25_10-29-50_0000146.wav",11,"call"
"ch1MPI2020-01-25_10-29-50_0000146.wav",13,65.67776,65.72876,0.7529709,"call","MPI2020-01-25_10-29-50_0000146.wav",146,148,"T148_GS9_2021","ch1MPI2020-01-25_10-29-50_0000146.wav",12,"call"
"ch1MPI2020-01-25_10-29-50_0000146.wav",14,68.37911,68.43011,0.7350587,"call","MPI2020-01-25_10-29-50_0000146.wav",146,148,"T148_GS9_2021","ch1MPI2020-01-25_10-29-50_0000146.wav",13,"call"
"ch4MPI2020-01-25_10-29-50_0000146.wav",110,72.85314,72.90414,0.6975136,"call","MPI2020-01-25_10-29-50_0000146.wav",146,148,"T148_GS9_2021","ch4MPI2020-01-25_10-29-50_0000146.wav",14,"call"
"ch2MPI2020-01-25_10-29-50_0000146.wav",47,74.55115,74.60215,0.7345792,"call","MPI2020-01-25_10-29-50_0000146.wav",146,148,"T148_GS9_2021","ch2MPI2020-01-25_10-29-50_0000146.wav",15,"call"
"ch1MPI2020-01-25_10-29-50_0000146.wav",17,76.07916,76.13016,0.6501972,"call","MPI2020-01-25_10-29-50_0000146.wav",146,148,"T148_GS9_2021","ch1MPI2020-01-25_10-29-50_0000146.wav",16,"call"
"ch1MPI2020-01-25_10-29-50_0000146.wav",18,80.40719,80.45819,0.636348,"call","MPI2020-01-25_10-29-50_0000146.wav",146,148,"T148_GS9_2021","ch1MPI2020-01-25_10-29-50_0000146.wav",17,"call"
"ch1MPI2020-01-25_10-29-50_0000146.wav",19,83.82388,83.87488,0.644677,"call","MPI2020-01-25_10-29-50_0000146.wav",146,148,"T148_GS9_2021","ch1MPI2020-01-25_10-29-50_0000146.wav",18,"call"
"ch1MPI2020-01-25_10-29-50_0000146.wav",20,86.47657,86.52757,0.6696172,"call","MPI2020-01-25_10-29-50_0000146.wav",146,148,"T148_GS9_2021","ch1MPI2020-01-25_10-29-50_0000146.wav",19,"call"
"ch2MPI2020-01-25_10-29-50_0000146.wav",53,90.68326,90.73426,0.5927442,"call","MPI2020-01-25_10-29-50_0000146.wav",146,148,"T148_GS9_2021","ch2MPI2020-01-25_10-29-50_0000146.wav",20,"call"
"ch1MPI2020-01-25_10-29-50_0000146.wav",22,98.09931,98.15031,0.6855426,"call","MPI2020-01-25_10-29-50_0000146.wav",146,148,"T148_GS9_2021","ch1MPI2020-01-25_10-29-50_0000146.wav",21,"call"
"ch3MPI2020-01-25_10-29-50_0000146.wav",87,98.94198,98.99298,0.7132434,"call","MPI2020-01-25_10-29-50_0000146.wav",146,148,"T148_GS9_2021","ch3MPI2020-01-25_10-29-50_0000146.wav",22,"call"
"ch2MPI2020-01-25_10-29-50_0000146.wav",56,101.5573,101.6083,0.6881207,"call","MPI2020-01-25_10-29-50_0000146.wav",146,148,"T148_GS9_2021","ch2MPI2020-01-25_10-29-50_0000146.wav",23,"call"
"ch2MPI2020-01-25_10-29-50_0000146.wav",57,103.5113,103.5623,0.6624018,"call","MPI2020-01-25_10-29-50_0000146.wav",146,148,"T148_GS9_2021","ch2MPI2020-01-25_10-29-50_0000146.wav",24,"call"
"ch1MPI2020-01-25_10-29-50_0000146.wav",26,105.5987,105.6497,0.8124671,"call","MPI2020-01-25_10-29-50_0000146.wav",146,148,"T148_GS9_2021","ch1MPI2020-01-25_10-29-50_0000146.wav",25,"call"
"ch1MPI2020-01-25_10-29-50_0000146.wav",27,107.866,107.917,0.8322062,"call","MPI2020-01-25_10-29-50_0000146.wav",146,148,"T148_GS9_2021","ch1MPI2020-01-25_10-29-50_0000146.wav",26,"call"
"ch4MPI2020-01-25_10-29-50_0000146.wav",123,111.6927,111.7437,0.6397035,"call","MPI2020-01-25_10-29-50_0000146.wav",146,148,"T148_GS9_2021","ch4MPI2020-01-25_10-29-50_0000146.wav",27,"call"
"ch1MPI2020-01-25_10-29-50_0000146.wav",29,115.4388,115.4898,0.6917493,"call","MPI2020-01-25_10-29-50_0000146.wav",146,148,"T148_GS9_2021","ch1MPI2020-01-25_10-29-50_0000146.wav",28,"call"
"ch4MPI2020-01-25_10-29-50_0000146.wav",125,117.1468,117.1978,0.8121461,"call","MPI2020-01-25_10-29-50_0000146.wav",146,148,"T148_GS9_2021","ch4MPI2020-01-25_10-29-50_0000146.wav",29,"call"
"ch4MPI2020-01-25_10-29-50_0000146.wav",127,119.9495,120.0005,0.5871584,"call","MPI2020-01-25_10-29-50_0000146.wav",146,148,"T148_GS9_2021","ch4MPI2020-01-25_10-29-50_0000146.wav",30,"call"
"ch1MPI2020-01-25_10-29-50_0000146.wav",32,124.7308,124.7818,0.6435337,"call","MPI2020-01-25_10-29-50_0000146.wav",146,148,"T148_GS9_2021","ch1MPI2020-01-25_10-29-50_0000146.wav",31,"call"
"ch1MPI2020-01-25_10-29-50_0000146.wav",33,128.6702,128.7212,0.6793605,"call","MPI2020-01-25_10-29-50_0000146.wav",146,148,"T148_GS9_2021","ch1MPI2020-01-25_10-29-50_0000146.wav",32,"call"
"ch1MPI2020-01-25_11-05-48_0000148.wav",1,6.091356,6.142356,0.4606182,"call","MPI2020-01-25_11-05-48_0000148.wav",148,156,"T156_G18-A-B_2020","ch1MPI2020-01-25_11-05-48_0000148.wav",1,"call"
"ch3MPI2020-01-25_11-05-48_0000148.wav",23,57.00754,57.05854,0.7112765,"call","MPI2020-01-25_11-05-48_0000148.wav",148,156,"T156_G18-A-B_2020","ch3MPI2020-01-25_11-05-48_0000148.wav",2,"call"
"ch1MPI2020-01-25_11-05-48_0000148.wav",3,66.22158,66.27258,0.7776005,"call","MPI2020-01-25_11-05-48_0000148.wav",148,156,"T156_G18-A-B_2020","ch1MPI2020-01-25_11-05-48_0000148.wav",3,"call"
"ch4MPI2020-01-25_11-05-48_0000148.wav",36,69.14826,69.19926,0.7128593,"call","MPI2020-01-25_11-05-48_0000148.wav",148,156,"T156_G18-A-B_2020","ch4MPI2020-01-25_11-05-48_0000148.wav",4,"call"
"ch4MPI2020-01-25_11-05-48_0000148.wav",37,71.7476,71.7986,0.6405761,"call","MPI2020-01-25_11-05-48_0000148.wav",148,156,"T156_G18-A-B_2020","ch4MPI2020-01-25_11-05-48_0000148.wav",5,"call"
"ch1MPI2020-01-25_11-05-48_0000148.wav",6,76.16561,76.21661,0.8571121,"call","MPI2020-01-25_11-05-48_0000148.wav",148,156,"T156_G18-A-B_2020","ch1MPI2020-01-25_11-05-48_0000148.wav",6,"call"
"ch2MPI2020-01-25_11-05-48_0000148.wav",18,79.86763,79.91863,0.7799025,"call","MPI2020-01-25_11-05-48_0000148.wav",148,156,"T156_G18-A-B_2020","ch2MPI2020-01-25_11-05-48_0000148.wav",7,"call"
"ch3MPI2020-01-25_11-05-48_0000148.wav",30,89.449,89.5,0.7342704,"call","MPI2020-01-25_11-05-48_0000148.wav",148,156,"T156_G18-A-B_2020","ch3MPI2020-01-25_11-05-48_0000148.wav",8,"call"
"ch4MPI2020-01-25_11-05-48_0000148.wav",42,92.79434,92.84534,0.7395048,"call","MPI2020-01-25_11-05-48_0000148.wav",148,156,"T156_G18-A-B_2020","ch4MPI2020-01-25_11-05-48_0000148.wav",9,"call"
"ch4MPI2020-01-25_11-05-48_0000148.wav",43,97.01569,97.06669,0.6820628,"call","MPI2020-01-25_11-05-48_0000148.wav",148,156,"T156_G18-A-B_2020","ch4MPI2020-01-25_11-05-48_0000148.wav",10,"call"
"ch1MPI2020-01-25_11-05-48_0000148.wav",10,102.739,102.79,0.7872787,"call","MPI2020-01-25_11-05-48_0000148.wav",148,156,"T156_G18-A-B_2020","ch1MPI2020-01-25_11-05-48_0000148.wav",11,"call"
"ch3MPI2020-01-25_12-37-42_0000160.wav",9,8.520034,8.571034,0.7733606,"call","MPI2020-01-25_12-37-42_0000160.wav",160,164,"T164_GGP9_2021","ch3MPI2020-01-25_12-37-42_0000160.wav",1,"call"
"ch2MPI2020-01-25_12-37-42_0000160.wav",7,92.0257,92.0767,0.6167437,"call","MPI2020-01-25_12-37-42_0000160.wav",160,164,"T164_GGP9_2021","ch2MPI2020-01-25_12-37-42_0000160.wav",2,"call"
"ch4MPI2020-01-25_12-37-42_0000160.wav",13,110.3678,110.4188,0.7166875,"call","MPI2020-01-25_12-37-42_0000160.wav",160,164,"T164_GGP9_2021","ch4MPI2020-01-25_12-37-42_0000160.wav",3,"call"
"ch1MPI2020-01-23_11-26-40_0000109.wav",2,97.40521,97.45621,0.717027,"call","MPI2020-01-23_11-26-40_0000109.wav",109,107,"T107_GMP19_2021","ch1MPI2020-01-23_11-26-40_0000109.wav",NA,"call"
"ch1MPI2020-01-23_11-26-40_0000109.wav",4,124.228,124.279,0.6480077,"call","MPI2020-01-23_11-26-40_0000109.wav",109,107,"T107_GMP19_2021","ch1MPI2020-01-23_11-26-40_0000109.wav",NA,"call"
"ch3MPI2020-01-23_11-26-40_0000109.wav",1,106.5346,106.5856,0.5723888,"call","MPI2020-01-23_11-26-40_0000109.wav",109,107,"T107_GMP19_2021","ch3MPI2020-01-23_11-26-40_0000109.wav",NA,"call"
"ch1MPI2020-01-23_11-26-40_0000109.wav",3,122.292,122.343,0.555415,"call","MPI2020-01-23_11-26-40_0000109.wav",109,107,"T107_GMP19_2021","ch1MPI2020-01-23_11-26-40_0000109.wav",NA,"call"
